0.451923;0.117647;0.240964;0.00766871;0.109792;0.101045;0.225058;0.0931174;0.254545;0.151163;0.403226;4;
0.326923;0.22549;0.210843;0.101227;0.109792;0.149826;0.392111;0.161751;0.381818;0.360465;0.274194;5;
0.298077;0.323529;0.13253;0.0552147;0.0652819;0.0278746;0.215777;0.113553;0.254545;0.744186;0.580645;4;
0.432692;0.196078;0.271084;0.110429;0.148368;0.10453;0.301624;0.194525;0.554545;0.639535;0.516129;6;
0.288462;0.196078;0.259036;0.107362;0.0623145;0.097561;0.234339;0.0873337;0.327273;0.430233;0.725806;8;
0.278846;0.127451;0.204819;0.0122699;0.118694;0.118467;0.238979;0.0732601;0.272727;0.325581;0.483871;6;
0.269231;0.22549;0.228916;0.236963;0.145401;0.0487805;0.361949;0.242722;0.6;0.44186;0.193548;5;
0.298077;0.196078;0.198795;0.00920245;0.0890208;0.0487805;0.206497;0.0634278;0.318182;0.197674;0.596774;6;
0.394231;0.0784314;0.180723;0.0644172;0.0830861;0.121951;0.37587;0.184885;0.681818;0.255814;0.16129;4;
0.317308;0.343137;0.150602;0.0337423;0.0801187;0.142857;0.285383;0.0508965;0.445455;0.290698;0.870968;6;
0.25;0.137255;0.180723;0.162577;0.109792;0.1777;0.324826;0.148062;0.445455;0.139535;0.451613;5;
0.25;0.0784314;0.150602;0.0107362;0.11276;0.0627178;0.157773;0.119337;0.809091;0.372093;0.354839;6;
0.326923;0.117647;0.36747;0.239264;0.10089;0.0418118;0.218097;0.223443;0.309091;0.162791;0.193548;6;
0.230769;0.127451;0.162651;0.0168712;0.0860534;0.135889;0.327146;0.119337;0.7;0.569767;0.403226;7;
0.25;0.294118;0.114458;0.059816;0.0860534;0.118467;0.25522;0.0848275;0.318182;0.232558;0.516129;6;
0.230769;0.176471;0.174699;0.0214724;0.0801187;0.0487805;0.180974;0.0713322;0.554545;0.453488;0.612903;6;
0.269231;0.166667;0.198795;0.121166;0.0979228;0.0940767;0.306265;0.160979;0.509091;0.44186;0.387097;5;
0.355769;0.176471;0.156627;0.272239;0.222552;0.108014;0.301624;0.269713;0.409091;0.197674;0.129032;5;
0.25;0.0588235;0.186747;0.00920245;0.074184;0.1777;0.299304;0.0719105;0.6;0.151163;0.564516;7;
0.288462;0.137255;0.216867;0.00920245;0.127596;0.125436;0.273782;0.119337;0.290909;0.372093;0.193548;5;
0.307692;0.22549;0.210843;0.0153374;0.160237;0.0383275;0.25522;0.0911895;0.454545;0.325581;0.435484;5;
0.192308;0.107843;0.144578;0.0107362;0.103858;0.125436;0.276102;0.125506;0.954545;0.44186;0.419355;5;
0.346154;0.117647;0.198795;0.0199387;0.0771513;0.12892;0.299304;0.0749952;0.409091;0.255814;0.596774;7;
0.317308;0.176471;0.204819;0.211656;0.172107;0.114983;0.417633;0.221515;0.318182;0.360465;0.177419;7;
0.230769;0.127451;0.108434;0.168712;0.103858;0.205575;0.338747;0.181993;0.381818;0.348837;0.225806;6;
0.336538;0.137255;0.222892;0.210123;0.160237;0.160279;0.422274;0.206092;0.154545;0.186047;0.16129;6;
0.201923;0.215686;0.174699;0.00766871;0.0801187;0.0731707;0.109049;0.0634278;0.427273;0.186047;0.532258;5;
0.307692;0.107843;0.138554;0.0782209;0.338279;0.087108;0.220418;0.159823;0.290909;0.372093;0.225806;6;
0.326923;0.107843;0.186747;0.0153374;0.15727;0.101045;0.38051;0.0884905;0.572727;0.255814;0.596774;6;
0.278846;0.147059;0.198795;0.0184049;0.0801187;0.0731707;0.201856;0.103914;0.545455;0.209302;0.451613;6;
0.403846;0.0980392;0.222892;0.0107362;0.0919881;0.0452962;0.201856;0.078851;0.309091;0.453488;0.66129;6;
0.336538;0.107843;0.295181;0.229294;0.145401;0.167247;0.290023;0.24465;0.636364;0.162791;0.177419;7;
0.25;0.117647;0.13253;0.104294;0.0682493;0.1777;0.37819;0.133603;0.472727;0.418605;0.483871;6;
0.201923;0.0882353;0.180723;0.0122699;0.0979228;0.0801394;0.25522;0.115481;0.872727;0.581395;0.403226;6;
0.230769;0.382353;0.114458;0.118098;0.0593472;0.0766551;0.308585;0.0942741;0.454545;0.267442;0.693548;6;
0.365385;0.215686;0.13253;0.147239;0.118694;0.191638;0.422274;0.182957;0.327273;0.209302;0.209677;6;
0.336538;0.107843;0.150602;0.0122699;0.124629;0.135889;0.227378;0.129362;0.736364;0.511628;0.403226;7;
0.240385;0.166667;0.319277;0.0184049;0.0356083;0.135889;0.213457;0.0425101;0.427273;0.104651;0.806452;6;
0.442308;0.264706;0.337349;0.202454;0.115727;0.184669;0.419954;0.235011;0.318182;0.418605;0.225806;6;
0.192308;0.205882;0.126506;0.0306748;0.0474777;0.0348432;0.257541;0.0441488;0.609091;0.662791;0.967742;7;
0.307692;0.0588235;0.240964;0.0168712;0.0771513;0.0487805;0.176334;0.0769231;0.427273;0.232558;0.612903;6;
0.278846;0.45098;0.162651;0.0996933;0.118694;0.0209059;0.392111;0.152497;0.4;0.186047;0.225806;4;
0.259615;0.117647;0.198795;0.0138037;0.0890208;0.118467;0.234339;0.0572585;0.454545;0.5;0.645161;6;
0.317308;0.264706;0.162651;0.0383436;0.074184;0.0905923;0.290023;0.0499325;0.490909;0.186047;0.822581;7;
0.269231;0.137255;0.138554;0.256135;0.11276;0.121951;0.2529;0.230384;0.327273;0.27907;0.129032;6;
0.375;0.254902;0.349398;0.161043;0.0890208;0.135889;0.329466;0.206092;0.309091;0.313953;0.0967742;5;
0.336538;0.156863;0.204819;0.226994;0.121662;0.125436;0.382831;0.215732;0.281818;0.232558;0.16129;6;
0.269231;0.176471;0.228916;0.0904908;0.477745;0.229965;0.445476;0.163678;0.427273;0.186047;0.225806;6;
0.365385;0.186275;0.253012;0.0306748;0.103858;0.0940767;0.234339;0.078851;0.536364;0.337209;0.758065;6;
0.413462;0.117647;0.295181;0.115031;0.124629;0.170732;0.454756;0.159823;0.345455;0.348837;0.483871;6;
0.336538;0.205882;0.180723;0.190184;0.10089;0.15331;0.531323;0.221515;0.309091;0.22093;0.112903;6;
0.173077;0.186275;0.222892;0.00460123;0.0474777;0.0313589;0.0928074;0.0258338;0.518182;0.127907;0.822581;6;
0.317308;0.279412;0.0843373;0.00920245;0.136499;0.0766551;0.174014;0.13476;0.390909;0.244186;0.145161;5;
0.346154;0.323529;0.39759;0.156442;0.124629;0.261324;0.429234;0.202236;0.3;0.27907;0.112903;5;
0.211538;0.156863;0.168675;0.0513804;0.0860534;0.205575;0.290023;0.0838635;0.527273;0.372093;0.532258;7;
0.298077;0.137255;0.259036;0.0889571;0.0979228;0.111498;0.24594;0.112204;0.3;0.337209;0.451613;6;
0.259615;0.147059;0.120482;0.105828;0.121662;0.146341;0.394432;0.152882;0.418182;0.302326;0.247312;5;
0.182692;0.176471;0.162651;0.053681;0.569733;0.249129;0.418794;0.136688;0.5;0.186047;0.225806;6;
0.336538;0.137255;0.222892;0.210123;0.160237;0.160279;0.422274;0.206092;0.154545;0.186047;0.16129;6;
0.307692;0.235294;0.186747;0.0889571;0.0652819;0.125436;0.24594;0.101022;0.6;0.418605;0.677419;7;
0.211538;0.196078;0.144578;0.263804;0.11276;0.139373;0.236659;0.228456;0.345455;0.267442;0.145161;6;
0.192308;0.27451;0.228916;0.00460123;0.0830861;0.00348432;0.153132;0.0634278;0.509091;0.139535;0.548387;4;
0.259615;0.0686275;0.192771;0.0107362;0.0801187;0.0592334;0.155452;0.0487758;0.418182;0.22093;0.693548;6;
0.288462;0.117647;0.162651;0.00920245;0.074184;0.0592334;0.136891;0.059572;0.381818;0.174419;0.596774;4;
0.269231;0.215686;0.180723;0.0644172;0.477745;0.202091;0.364269;0.144399;0.418182;0.290698;0.225806;5;
0.115385;0.215686;0.198795;0.047546;0.0623145;0.181185;0.38051;0.0306536;0.581818;0.0930233;0.806452;7;
0.317308;0.0980392;0.295181;0.0107362;0.0712166;0.0348432;0.146172;0.0695971;0.3;0.360465;0.532258;7;
0.240385;0.166667;0.26506;0.168712;0.0949555;0.160279;0.431555;0.186813;0.418182;0.348837;0.241935;5;
0.288462;0.539216;0.0240964;0.0107362;0.145401;0.0801394;0.287703;0.107962;0.409091;0.197674;0.354839;4;
0.326923;0.117647;0.168675;0.0153374;0.0563798;0.0383275;0.36891;0.0948525;0.409091;0.976744;0.564516;6;
0.307692;0.22549;0.156627;0.104294;0.178042;0.0905923;0.350348;0.159823;0.372727;0.27907;0.290323;6;
0.288462;0.156863;0.295181;0.28681;0.142433;0.184669;0.552204;0.259109;0.254545;0.395349;0.112903;5;
0.442308;0.490196;0.162651;0.177147;0.0712166;0.121951;0.24826;0.169462;0.245455;0.197674;0.451613;6;
0.538462;0.333333;0.192771;0.0904908;0.0534125;0.0627178;0.366589;0.148062;0.327273;0.244186;0.419355;5;
0.384615;0.235294;0.186747;0.0168712;0.0801187;0.15331;0.431555;0.113553;0.281818;0.302326;0.403226;5;
0.25;0.22549;0.162651;0.104294;0.118694;0.160279;0.37123;0.117987;0.5;0.267442;0.5;6;
0.269231;0.127451;0.186747;0.165644;0.0890208;0.15331;0.361949;0.208984;0.627273;0.255814;0.290323;7;
0.259615;0.107843;0.180723;0.00306748;0.10089;0.108014;0.313225;0.12512;0.636364;0.197674;0.177419;6;
0.326923;0.166667;0.23494;0.281442;0.0860534;0.139373;0.338747;0.246578;0.227273;0.290698;0.16129;6;
0.211538;0.0882353;0.295181;0.00613497;0.074184;0.0836237;0.225058;0.0942741;0.445455;0.232558;0.290323;6;
0.461538;0.284314;0.421687;0.177147;0.0890208;0.0662021;0.345708;0.215732;0.254545;0.593023;0.209677;6;
0.346154;0.245098;0.156627;0.230061;0.118694;0.226481;0.466357;0.230576;0.309091;0.534884;0.241935;5;
0.221154;0.323529;0.120482;0.184049;0.0682493;0.181185;0.294664;0.155196;0.172727;0.244186;0.419355;6;
0.278846;0.117647;0.246988;0.130368;0.103858;0.167247;0.364269;0.159823;0.381818;0.418605;0.290323;6;
0.173077;0.0980392;0.180723;0.147239;0.0563798;0.0905923;0.283063;0.159823;0.7;0.232558;0.451613;7;
0.365385;0.0980392;0.216867;0.0276074;0.118694;0.125436;0.264501;0.17139;0.8;0.27907;0.370968;5;
0.221154;0.137255;0.295181;0.0138037;0.124629;0.0557491;0.180974;0.109697;0.527273;0.27907;0.258065;5;
0.336538;0.107843;0.162651;0.203988;0.142433;0.149826;0.338747;0.211297;0.2;0.22093;0.129032;8;
0.288462;0.362745;0.168675;0.390337;0.0652819;0.087108;0.262181;0.305379;0.309091;0.232558;0.419355;6;
0.182692;0.196078;0.144578;0.259202;0.103858;0.202091;0.366589;0.227299;0.536364;0.255814;0.225806;5;
0.307692;0.166667;0.271084;0.0260736;0.106825;0.132404;0.2529;0.0680548;0.4;0.302326;0.629032;7;
0.384615;0.0882353;0.138554;0.0168712;0.0593472;0.12892;0.276102;0.108155;0.590909;0.22093;0.435484;7;
0.375;0.235294;0.373494;0.153374;0.0801187;0.188153;0.334107;0.206092;0.372727;0.255814;0.145161;6;
0.211538;0.308824;0;0.0122699;0.0979228;0.0174216;0.106729;0.0817428;0.590909;0.186047;0.516129;4;
0.355769;0.127451;0.174699;0.0138037;0.109792;0.114983;0.227378;0.0794293;0.390909;0.267442;0.532258;6;
0.307692;0.186275;0.174699;0.0506135;0.148368;0.0905923;0.440835;0.173318;0.745455;0.430233;0.370968;5;
0.192308;0.254902;0.0963855;0.0981595;0.0830861;0.0836237;0.24826;0.150183;0.672727;0.267442;0.322581;7;
0.288462;0.107843;0.204819;0.0199387;0.0919881;0.135889;0.229698;0.0557162;0.481818;0.267442;0.790323;6;
0.557692;0.563725;0.126506;0.0214724;0.0890208;0.0662021;0.257541;0.0919607;0.254545;0.906977;0.741935;6;
0.451923;0.127451;0.156627;0.132669;0.074184;0.247387;0.308585;0.142472;0.3;0.174419;0.548387;6;
0.317308;0.176471;0.192771;0.212423;0.192878;0.0940767;0.227378;0.209948;0.218182;0.232558;0.193548;6;
0.288462;0.205882;0.301205;0.194785;0.130564;0.160279;0.429234;0.198381;0.336364;0.267442;0.225806;5;
0.182692;0.166667;0.126506;0.0138037;0.103858;0.0662021;0.229698;0.0830923;0.527273;0.430233;0.483871;6;
0.375;0.191176;0.180723;0.00613497;0.0890208;0.0592334;0.153132;0.0942741;0.263636;0.395349;0.435484;5;
0.211538;0.0980392;0.162651;0.0138037;0.237389;0.132404;0.310905;0.100058;0.7;0.465116;0.451613;6;
0.211538;0.0196078;0.144578;0.00766871;0.0949555;0.0452962;0.12993;0.107769;0.809091;0.453488;0.370968;7;
0.259615;0.166667;0.192771;0.142638;0.106825;0.135889;0.276102;0.17833;0.418182;0.348837;0.258065;6;
0.288462;0.205882;0.13253;0.0429448;0.0771513;0.132404;0.262181;0.0603432;0.336364;0.290698;0.693548;6;
0.403846;0.137255;0.168675;0.205521;0.130564;0.28223;0.436195;0.211876;0.381818;0.267442;0.290323;6;
0.230769;0.205882;0.156627;0.191718;0.109792;0.184669;0.452436;0.199345;0.4;0.22093;0.258065;6;
0.336538;0.137255;0.156627;0.0138037;0.0919881;0.10453;0.37819;0.0931174;0.5;0.302326;0.516129;6;
0.288462;0.0980392;0.180723;0.187117;0.15727;0.0592334;0.37587;0.21149;0.254545;0.348837;0.16129;7;
0.192308;0.45098;0;0.0122699;0.0712166;0.132404;0.227378;0.0399075;0.490909;0.151163;0.709677;5;
0.307692;0.156863;0.144578;0.0184049;0.11276;0.0940767;0.190255;0.104106;0.527273;0.244186;0.306452;6;
0.490385;0.245098;0.204819;0.0122699;0.139466;0.0418118;0.37587;0.144399;0.372727;0.290698;0.274194;5;
0.25;0.147059;0.210843;0.148773;0.0979228;0.181185;0.303944;0.184885;0.463636;0.290698;0.193548;5;
0.298077;0.196078;0.222892;0.130368;0.0830861;0.0487805;0.155452;0.148255;0.3;0.372093;0.5;5;
0.230769;0.176471;0.120482;0.113497;0.11276;0.114983;0.236659;0.141508;0.354545;0.232558;0.387097;6;
0.269231;0.186275;0.198795;0.0122699;0.0979228;0.0766551;0.403712;0.097166;0.518182;0.27907;0.435484;5;
0.375;0.254902;0.168675;0.159509;0.0919881;0.101045;0.25058;0.21284;0.5;0.0813953;0.193548;6;
0.307692;0.0784314;0.439759;0.00613497;0.382789;0.195122;0.327146;0.12512;0.327273;0.0930233;0.193548;5;
0.259615;0.137255;0.114458;0.00766871;0.163205;0.118467;0.422274;0.112975;0.3;0.325581;0.241935;6;
0.413462;0.176471;0.222892;0.0199387;0.186944;0.160279;0.348028;0.150183;0.590909;0.55814;0.467742;6;
0.173077;0.161765;0.150602;0.139571;0.0682493;0.0348432;0.136891;0.132832;0.536364;0.139535;0.403226;5;
0.365385;0.0882353;0.162651;0.0613497;0.121662;0.0731707;0.206497;0.137073;0.327273;0.290698;0.241935;6;
0.288462;0.127451;0.156627;0.170245;0.0860534;0.205575;0.331787;0.156545;0.272727;0.395349;0.403226;7;
0.230769;0.27451;0.0843373;0.127301;0.0801187;0.125436;0.338747;0.175631;0.5;0.325581;0.225806;5;
0.317308;0.147059;0.23494;0.20092;0.145401;0.0836237;0.37819;0.201272;0.163636;0.27907;0.16129;6;
0.403846;0.0490196;0.150602;0.00766871;0.0712166;0.0452962;0.178654;0.064199;0.236364;0.197674;0.516129;8;
0.134615;0.156863;0.271084;0.0490798;0.0534125;0.0662021;0.276102;0.0942741;0.754545;0.313953;0.516129;8;
0.355769;0.333333;0.120482;0.0122699;0.151335;0.0452962;0.36891;0.140544;0.309091;0.209302;0.225806;6;
0.201923;0.27451;0.0240964;0.0782209;0.109792;0.0662021;0.180974;0.121265;0.454545;0.337209;0.354839;5;
0.269231;0.323529;0.144578;0.0659509;0.442136;0.156794;0.313225;0.14652;0.409091;0.313953;0.225806;5;
0.403846;0.176471;0.168675;0.116564;0.0860534;0.243902;0.447796;0.164835;0.363636;0.395349;0.322581;6;
0.326923;0.117647;0.13253;0.0153374;0.103858;0.0522648;0.213457;0.14652;0.590909;0.360465;0.322581;5;
0.519231;0.137255;0.240964;0.0276074;0.133531;0.0557491;0.329466;0.155967;0.290909;0.27907;0.209677;4;
0.413462;0.313725;0.192771;0.111963;0.0652819;0.0731707;0.2529;0.0896472;0.3;0.27907;0.854839;7;
0.192308;0.196078;0.180723;0.0506135;0.0504451;0.118467;0.222738;0.048583;0.490909;0.418605;0.766129;6;
0.509615;0.245098;0.228916;0.0168712;0.15727;0.16899;0.777262;0.167534;0.345455;0.55814;0.241935;5;
0.192308;0.22549;0.186747;0.105828;0.127596;0.184669;0.512761;0.150183;0.427273;0.27907;0.290323;5;
0.134615;0.117647;0.162651;0.0398773;0.11276;0.0487805;0.194896;0.101022;0.654545;0.360465;0.33871;7;
0.240385;0.196078;0.283133;0.162577;0.0919881;0.205575;0.403712;0.169848;0.363636;0.337209;0.241935;6;
0.211538;0.235294;0.0722892;0.0812883;0.0949555;0.111498;0.419954;0.140544;0.4;0.581395;0.322581;5;
0.25;0.0686275;0.174699;0.0184049;0.103858;0.0662021;0.24594;0.0877193;0.345455;0.186047;0.354839;5;
0.240385;0.156863;0.222892;0.0184049;0.0652819;0.0139373;0.12065;0.0499325;0.527273;0.139535;0.677419;4;
0.144231;0.0833333;0.144578;0.00766871;0.124629;0.0801394;0.222738;0.103914;0.545455;0.290698;0.177419;5;
0.182692;0.0980392;0.216867;0.00920245;0.109792;0.0243902;0.143852;0.0940814;0.890909;0.534884;0.467742;7;
0.201923;0.127451;0.168675;0.0613497;0.130564;0.132404;0.440835;0.179102;0.909091;0.55814;0.322581;4;
0.269231;0.294118;0.0903614;0.0613497;0.103858;0.0801394;0.160093;0.115481;0.354545;0.186047;0.354839;6;
0.153846;0.372549;0.0903614;0.0230061;0.0504451;0.0940767;0.280742;0.0466551;0.609091;0.639535;0.870968;8;
0.298077;0.235294;0.10241;0.107362;0.0979228;0.233449;0.487239;0.169462;0.372727;0.209302;0.145161;5;
0.298077;0.313725;0.222892;0.127301;0.130564;0.118467;0.322506;0.17139;0.4;0.325581;0.209677;5;
0.230769;0.245098;0.114458;0.0766871;0.0979228;0.0696864;0.310905;0.137652;0.390909;0.476744;0.306452;5;
0.259615;0.137255;0.204819;0.174847;0.130564;0.184669;0.389791;0.215732;0.727273;0.255814;0.306452;6;
0.442308;0.196078;0.240964;0.127301;0.115727;0.108014;0.317865;0.225371;0.618182;0.27907;0.209677;5;
0.307692;0.156863;0.210843;0.00613497;0.0682493;0.139373;0.220418;0.0534027;0.4;0.174419;0.596774;7;
0.317308;0.0980392;0.23494;0.21319;0.124629;0.160279;0.341067;0.238288;0.572727;0.651163;0.177419;5;
0.240385;0.166667;0.13253;0.041411;0.115727;0.135889;0.352668;0.10507;0.4;0.325581;0.403226;6;
0.355769;0.205882;0.216867;0.231595;0.121662;0.0940767;0.266821;0.186813;0.309091;0.372093;0.387097;5;
0.254808;0.0588235;0.253012;0.00920245;0.121662;0.170732;0.278422;0.0780798;0.5;0.546512;0.5;7;
0.0865385;0.578431;0.0542169;0.00613497;0.0326409;0.010453;0;0.00212069;0.527273;0.139535;0.903226;5;
0.173077;0.0392157;0.198795;0.0352761;0.103858;0.0662021;0.148492;0.0356661;0.409091;0.116279;0.790323;8;
0.288462;0.0588235;0.108434;0.0122699;0.11276;0.097561;0.187935;0.0873337;0.5;0.372093;0.516129;6;
0.432692;0.0588235;0.156627;0.0138037;0.118694;0.188153;0.417633;0.144399;0.445455;0.465116;0.241935;6;
0.298077;0.656863;0.0783133;0.0874233;0.0801187;0.0592334;0.0951276;0.115867;0.336364;0.0348837;0.5;4;
0.221154;0.235294;0.144578;0.0138037;0.0801187;0.125436;0.266821;0.0518604;0.518182;0.232558;0.709677;7;
0.192308;0.186275;0.120482;0.102761;0.0919881;0.139373;0.315545;0.140929;0.390909;0.302326;0.290323;5;
0.298077;0.156863;0.295181;0.0107362;0.0682493;0.114983;0.322506;0.117409;0.663636;0.406977;0.435484;7;
0.153846;0.372549;0.0903614;0.0230061;0.0504451;0.0940767;0.280742;0.0466551;0.609091;0.639535;0.870968;8;
0.355769;0.0882353;0.427711;0.171779;0.0860534;0.174216;0.322506;0.210141;0.281818;0.27907;0.145161;5;
0.221154;0.196078;0.156627;0.0138037;0.0623145;0.0801394;0.213457;0.0352805;0.281818;0.22093;0.66129;6;
0.442308;0.137255;0.168675;0.279141;0.0563798;0.184669;0.280742;0.209948;0.218182;0.151163;0.580645;5;
0.00961538;0.142157;0.240964;0.0552147;0.0623145;0.0940767;0.2529;0.0364372;0.772727;0.162791;0.774194;8;
0.307692;0.0686275;0.168675;0.216258;0.124629;0.0940767;0.324826;0.208406;0.218182;0.197674;0.16129;7;
0.269231;0.0980392;0.168675;0.041411;0.103858;0.0557491;0.190255;0.113553;0.636364;0.488372;0.451613;6;
0.25;0.186275;0.174699;0.0506135;0.074184;0.209059;0.303944;0.101407;0.345455;0.430233;0.5;6;
0.230769;0.235294;0.0722892;0.0644172;0.133531;0.0139373;0.204176;0.137459;0.4;0.325581;0.209677;5;
0.192308;0.235294;0.120482;0.0306748;0.0534125;0.0522648;0.264501;0.0433777;0.581818;0.651163;0.951613;7;
0.240385;0.254902;0.313253;0.0874233;0.11276;0.212544;0.410673;0.148448;0.418182;0.255814;0.258065;5;
0.625;0.0882353;0.283133;0.0122699;0.0830861;0.010453;0.0556845;0.130904;0.154545;0.0697674;0.258065;3;
0.298077;0.215686;0.180723;0.0107362;0.130564;0.0766551;0.410673;0.125313;0.518182;0.372093;0.306452;4;
0.25;0.362745;0.0421687;0.00766871;0.0623145;0.0278746;0.283063;0.0653557;0.227273;0.0697674;0.451613;5;
0.326923;0.0882353;0.168675;0.259969;0.121662;0.108014;0.336427;0.242915;0.2;0.244186;0.16129;7;
0.298077;0.117647;0.216867;0.0138037;0.0652819;0.125436;0.320186;0.115481;0.572727;0.395349;0.483871;6;
0.25;0.117647;0.192771;0.0383436;0.0949555;0.0557491;0.271462;0.0827068;0.645455;0.232558;0.645161;6;
0.269231;0.0980392;0.168675;0.0168712;0.0949555;0.1777;0.352668;0.0956237;0.372727;0.267442;0.354839;6;
0.298077;0.166667;0.240964;0.0107362;0.0860534;0.0696864;0.213457;0.0576441;0.281818;0.197674;0.548387;6;
0.201923;0.0588235;0.120482;0.0153374;0.0919881;0.0836237;0.243619;0.0759591;0.481818;0.267442;0.548387;6;
0.509615;0.186275;0.271084;0.153374;0.0771513;0.0905923;0.266821;0.190669;0.436364;0.27907;0.387097;9;
0.278846;0.107843;0.23494;0.00613497;0.0682493;0.0418118;0.143852;0.0387507;0.536364;0.186047;0.806452;7;
0.259615;0.235294;0.271084;0.108896;0.0385757;0.101045;0.204176;0.08155;0.436364;0.55814;0.758065;7;
0.259615;0.137255;0.433735;0.095092;0.0979228;0.108014;0.36891;0.167534;0.363636;0.162791;0.193548;6;
0.355769;0.294118;0.174699;0.185583;0.121662;0.0801394;0.464037;0.221515;0.481818;0.430233;0.209677;6;
0.259615;0.215686;0.168675;0.166411;0.0949555;0.0940767;0.232019;0.136302;0.236364;0.0930233;0.467742;6;
0.519231;0.196078;0.277108;0.0398773;0.145401;0.12892;0.287703;0.17139;0.381818;0.418605;0.241935;5;
0.201923;0.107843;0.222892;0.00306748;0.0534125;0.00348432;0.0278422;0.0499325;0.336364;0.104651;0.451613;5;
0.509615;0.196078;0.295181;0.0214724;0.148368;0.0278746;0.238979;0.167534;0.390909;0.27907;0.33871;5;
0.307692;0.137255;0.156627;0.0337423;0.0801187;0.146341;0.285383;0.0707538;0.563636;0.22093;0.645161;7;
0.25;0.166667;0.198795;0.0122699;0.0919881;0.139373;0.24594;0.0672836;0.427273;0.302326;0.532258;7;
0.288462;0.27451;0.144578;0.0613497;0.0890208;0.0766551;0.266821;0.0730673;0.5;0.139535;0.741935;7;
0.471154;0.147059;0.192771;0.196319;0.103858;0.114983;0.37123;0.243686;0.363636;0.290698;0.129032;7;
0.211538;0.254902;0.39759;0.234663;0.109792;0.0836237;0.359629;0.20802;0.381818;0.325581;0.129032;6;
0.288462;0.196078;0.26506;0.167178;0.0919881;0.195122;0.49652;0.188741;0.454545;0.395349;0.241935;5;
0.269231;0.0784314;0.210843;0.0184049;0.0979228;0.0836237;0.222738;0.0483902;0.427273;0.616279;0.709677;7;
0.317308;0.401961;0.13253;0.0214724;0.11276;0.503484;0.692575;0.101986;0.472727;0.174419;0.483871;3;
0.384615;0.205882;0.198795;0.125;0.0771513;0.108014;0.399072;0.175246;0.354545;0.27907;0.435484;5;
0.317308;0.205882;0.204819;0.110429;0.0801187;0.163763;0.276102;0.132254;0.445455;0.209302;0.435484;6;
0.25;0.156863;0.295181;0.0797546;0.130564;0.0801394;0.257541;0.136688;0.263636;0.883721;0.403226;6;
0.173077;0.127451;0.144578;0.0582822;0.0534125;0.121951;0.327146;0.0749952;0.527273;0.104651;0.564516;7;
0.211538;0.0784314;0.13253;0.0153374;0.0979228;0.118467;0.225058;0.0653557;0.472727;0.116279;0.548387;6;
0.288462;0.0980392;0.144578;0.141104;0.145401;0.216028;0.415313;0.155967;0.372727;0.337209;0.419355;6;
0.221154;0.137255;0.186747;0.0122699;0.0890208;0.132404;0.278422;0.0929246;0.663636;0.430233;0.467742;5;
0.269231;0.0686275;0.192771;0.0828221;0.0712166;0.198606;0.276102;0.0927318;0.427273;0.569767;0.66129;8;
0.259615;0.0882353;0.198795;0.0122699;0.0563798;0.0418118;0.208817;0.109697;0.463636;0.383721;0.33871;6;
0.365385;0.0686275;0.210843;0.0567485;0.124629;0.0731707;0.206497;0.137073;0.345455;0.255814;0.241935;6;
0.403846;0.166667;0.295181;0.128834;0.103858;0.101045;0.408353;0.209948;0.563636;0.313953;0.322581;6;
0.346154;0.176471;0.186747;0.0276074;0.10089;0.195122;0.392111;0.13476;0.636364;0.534884;0.419355;6;
0.230769;0.235294;0.192771;0.0245399;0.0801187;0.0452962;0.141531;0.0537883;0.4;0.302326;0.758065;6;
0.269231;0.166667;0.174699;0.00766871;0.175074;0.12892;0.266821;0.0827068;0.563636;0.418605;0.483871;7;
0.326923;0.137255;0.295181;0.00613497;0.106825;0.111498;0.303944;0.0557162;0.3;0.139535;0.758065;6;
0.346154;0.254902;0.180723;0.219325;0.0830861;0.236934;0.37123;0.190283;0.481818;0.174419;0.387097;6;
0.230769;0.362745;0.439759;0.101227;0.267062;0.156794;0.447796;0.16792;0.445455;0.244186;0.193548;5;
0.326923;0.343137;0.144578;0.0935583;0.145401;0.132404;0.357309;0.152111;0.436364;0.22093;0.306452;5;
0.221154;0.0686275;0.174699;0.0858896;0.109792;0.12892;0.329466;0.14652;0.8;0.255814;0.419355;6;
0.413462;0.186275;0.198795;0.0107362;0.106825;0.0836237;0.211137;0.0684403;0.236364;0.255814;0.709677;6;
0.230769;0.147059;0.138554;0.00920245;0.0267062;0.0557491;0.276102;0.0900328;0.3;0.0697674;0.419355;5;
0.201923;0.186275;0.162651;0.0674847;0.0771513;0.0418118;0.204176;0.066898;0.345455;0.127907;0.612903;7;
0.269231;0.205882;0.186747;0.0506135;0.0534125;0.12892;0.201856;0.0624639;0.472727;0.44186;0.741935;8;
0.288462;0.303922;0.204819;0.104294;0.0326409;0.125436;0.287703;0.0965876;0.418182;0.255814;0.645161;7;
0.259615;0.156863;0.174699;0.116564;0.10089;0.10453;0.341067;0.14305;0.372727;0.55814;0.33871;6;
0.394231;0.166667;0.174699;0.0720859;0.0652819;0.108014;0.25058;0.0904184;0.309091;0.116279;0.612903;7;
0.384615;0.0980392;0.277108;0.199387;0.127596;0.125436;0.2529;0.209948;0.390909;0.325581;0.322581;6;
0.432692;0.117647;0.445783;0.0590491;0.103858;0.108014;0.280742;0.101986;0.481818;0.232558;0.677419;6;
0.346154;0.127451;0.180723;0.111963;0.0890208;0.0418118;0.2529;0.136688;0.218182;0.139535;0.387097;5;
0.317308;0.127451;0.433735;0.0153374;0.468843;0.219512;0.257541;0.11818;0.227273;0.337209;0.193548;5;
0.278846;0.0686275;0.192771;0.111963;0.074184;0.0522648;0.167053;0.154425;0.518182;0.104651;0.322581;6;
0.461538;0.254902;0.216867;0.0122699;0.106825;0.0313589;0.25522;0.162907;0.409091;0.290698;0.225806;4;
0.307692;0.235294;0.174699;0.107362;0.0474777;0.114983;0.266821;0.0869481;0.390909;0.5;0.774194;7;
0.307692;0.156863;0.156627;0.0168712;0.0949555;0.101045;0.234339;0.0830923;0.436364;0.360465;0.483871;6;
0.278846;0.215686;0.174699;0.0337423;0.0474777;0.121951;0.227378;0.0863698;0.536364;0.476744;0.532258;7;
0.259615;0.127451;0.307229;0.260736;0.106825;0.111498;0.269142;0.241951;0.436364;0.290698;0.129032;6;
0.230769;0.0784314;0.198795;0.00766871;0.142433;0.0662021;0.169374;0.0749952;0.545455;0.27907;0.467742;7;
0.221154;0.0588235;0.150602;0.0107362;0.11276;0.121951;0.38051;0.103914;0.572727;0.27907;0.322581;6;
0.307692;0.215686;0.162651;0.0138037;0.198813;0.0766551;0.315545;0.122036;0.345455;0.348837;0.33871;5;
0.163462;0.156863;0.271084;0.0168712;0.109792;0.0696864;0.241299;0.0989011;0.454545;0.302326;0.322581;5;
0.298077;0.0784314;0.210843;0.0107362;0.10089;0.0662021;0.401392;0.107769;0.481818;0.465116;0.451613;6;
0.201923;0.107843;0.156627;0.104294;0.074184;0.108014;0.264501;0.152111;0.7;0.232558;0.33871;6;
0.346154;0.0784314;0.180723;0.20092;0.139466;0.108014;0.36891;0.214768;0.163636;0.255814;0.112903;7;
0.298077;0.186275;0.150602;0.105828;0.0623145;0.0557491;0.25058;0.0780798;0.336364;0.186047;0.806452;6;
0.144231;0.235294;0.138554;0.138804;0.0504451;0.0836237;0.25522;0.0881049;0.418182;0.360465;0.677419;6;
0.442308;0.22549;0.186747;0.0053681;0.0356083;0.174216;0.322506;0.0630422;0.190909;0.116279;0.564516;5;
0.125;0.205882;0.168675;0.118098;0.0504451;0.087108;0.227378;0.115095;0.581818;0.174419;0.483871;6;
0.288462;0.352941;0.222892;0.0690184;0.11276;0.15331;0.445476;0.128976;0.327273;0.5;0.403226;4;
0.346154;0.117647;0.210843;0.0230061;0.0860534;0.097561;0.24826;0.150183;0.7;0.639535;0.370968;7;
0.230769;0.215686;0.180723;0.0291411;0.0949555;0.0940767;0.169374;0.0682475;0.536364;0.453488;0.612903;7;
0.259615;0.147059;0.150602;0.256135;0.109792;0.0452962;0.234339;0.215346;0.390909;0.232558;0.193548;6;
0.326923;0.166667;0.168675;0.211656;0.136499;0.184669;0.454756;0.221515;0.363636;0.186047;0.16129;7;
0.326923;0.127451;0.216867;0.231595;0.106825;0.229965;0.403712;0.233468;0.481818;0.627907;0.225806;5;
0.403846;0.0588235;0.295181;0.0138037;0.0771513;0.139373;0.257541;0.109697;0.490909;0.209302;0.419355;7;
0.355769;0.254902;0.210843;0.0828221;0.074184;0.0348432;0.271462;0.101986;0.4;0.197674;0.645161;7;
0.326923;0.0784314;0.156627;0.0996933;0.133531;0.135889;0.49884;0.182957;0.6;0.383721;0.33871;5;
0.326923;0.127451;0.246988;0.0107362;0.0801187;0.108014;0.176334;0.0942741;0.409091;0.337209;0.387097;5;
0.182692;0.137255;0.168675;0.0107362;0.0534125;0.0836237;0.213457;0.0456912;0.572727;0.186047;0.725806;7;
0.173077;0.107843;0.277108;0.00766871;0.0682493;0.108014;0.24594;0.0730673;0.581818;0.325581;0.387097;6;
0.240385;0.137255;0.13253;0.0766871;0.0890208;0.101045;0.276102;0.112782;0.363636;0.27907;0.387097;6;
0.528846;0.22549;0.295181;0.0107362;0.0979228;0.111498;0.320186;0.148255;0.354545;0.27907;0.290323;5;
0.278846;0.117647;0.253012;0.205521;0.0860534;0.28223;0.350348;0.223443;0.4;0.325581;0.225806;6;
0.269231;0.22549;0.168675;0.0122699;0.0771513;0.0905923;0.227378;0.0240987;0.254545;0.209302;0.83871;6;
0.211538;0.176471;0.192771;0.0444785;0.0563798;0.0940767;0.241299;0.078851;0.618182;0.569767;0.693548;7;
0.336538;0.127451;0.126506;0.0153374;0.109792;0.114983;0.287703;0.145556;0.6;0.27907;0.322581;6;
0.384615;0.215686;0.174699;0.249233;0.133531;0.0731707;0.292343;0.24465;0.4;0.186047;0.16129;6;
0.269231;0.215686;0.150602;0.113497;0.0801187;0.0662021;0.266821;0.125506;0.309091;0.186047;0.451613;6;
0.490385;0.215686;0.210843;0.0613497;0.0682493;0.10453;0.322506;0.144014;0.390909;0.267442;0.564516;7;
0.346154;0.166667;0.222892;0.0966258;0.0326409;0.0418118;0.194896;0.130904;0.254545;0.302326;0.435484;7;
0.269231;0.176471;0.13253;0.269172;0.121662;0.0731707;0.301624;0.229998;0.309091;0.325581;0.193548;5;
0.336538;0.401961;0.192771;0.0705521;0.10089;0.0557491;0.220418;0.155967;0.472727;0.267442;0.435484;4;
0.442308;0.147059;0.192771;0.0107362;0.115727;0.198606;0.241299;0.0900328;0.345455;0.383721;0.483871;6;
0.298077;0.107843;0.210843;0.197853;0.0860534;0.163763;0.2529;0.160979;0.254545;0.476744;0.435484;6;
0.326923;0.176471;0.144578;0.0981595;0.041543;0.0592334;0.280742;0.0896472;0.381818;0.313953;0.774194;7;
0.278846;0.529412;0.144578;0.00766871;0.0890208;0.0139373;0.12297;0.121265;0.627273;0.116279;0.387097;5;
0.317308;0.176471;0.192771;0.239264;0.103858;0.101045;0.37355;0.179873;0.409091;0.174419;0.516129;5;
0.278846;0.0784314;0.216867;0.0214724;0.106825;0.0766551;0.283063;0.110468;0.527273;0.430233;0.403226;6;
0.346154;0.127451;0.481928;0.179448;0.0860534;0.261324;0.403712;0.205707;0.209091;0.302326;0.16129;5;
0.230769;0.0196078;0.246988;0.00613497;0.0919881;0.0522648;0.155452;0.0534027;0.381818;0.395349;0.548387;7;
0.548077;0.333333;0.246988;0.0260736;0.074184;0.0696864;0.315545;0.154039;0.309091;0.348837;0.483871;6;
0.413462;0.196078;0.240964;0.0966258;0.121662;0.097561;0.204176;0.154039;0.490909;0.255814;0.33871;6;
0.307692;0.264706;0.10241;0.00766871;0.118694;0.0174216;0.25522;0.112975;0.372727;0.162791;0.274194;6;
0.25;0.22549;0.186747;0.18865;0.106825;0.184669;0.352668;0.160979;0.272727;0.430233;0.354839;5;
0.278846;0.22549;0.180723;0.0276074;0.0860534;0.097561;0.171694;0.0300752;0.336364;0.162791;0.774194;7;
0.25;0.284314;0.295181;0.194785;0.106825;0.1777;0.542923;0.213804;0.381818;0.302326;0.0806452;6;
0.336538;0.284314;0.0963855;0.219325;0.115727;0.198606;0.535963;0.229612;0.372727;0.267442;0.145161;5;
0.307692;0.27451;0.180723;0.0674847;0.0919881;0.132404;0.310905;0.0890688;0.554545;0.232558;0.677419;7;
0.355769;0.323529;0.138554;0.217791;0.133531;0.0905923;0.382831;0.228841;0.418182;0.313953;0.274194;5;
0.317308;0.0784314;0.150602;0.0107362;0.074184;0.0905923;0.264501;0.0846347;0.5;0.383721;0.548387;6;
0.269231;0.156863;0.13253;0.179448;0.124629;0.114983;0.317865;0.186042;0.345455;0.523256;0.225806;5;
0.288462;0.107843;0.198795;0.0659509;0.11276;0.139373;0.280742;0.110276;0.363636;0.395349;0.483871;6;
0.336538;0.421569;0.156627;0.041411;0.240356;0.0174216;0.292343;0.140544;0.263636;0.348837;0.129032;5;
0.375;0.352941;0.144578;0.162577;0.0652819;0.135889;0.366589;0.148255;0.363636;0.244186;0.532258;7;
0.269231;0.176471;0.126506;0.0352761;0.0504451;0.160279;0.271462;0.0728745;0.454545;0.186047;0.532258;7;
0.153846;0.205882;0.228916;0.00920245;0.0593472;0.101045;0.285383;0.0354733;0.509091;0.162791;0.709677;6;
0.317308;0.117647;0.186747;0.0958589;0.130564;0.10453;0.468677;0.168884;0.536364;0.430233;0.387097;6;
0.259615;0.0882353;0.186747;0.0138037;0.0949555;0.111498;0.259861;0.0734529;0.309091;0.27907;0.403226;6;
0.442308;0.0980392;0.253012;0.0690184;0.0801187;0.0174216;0.157773;0.130904;0.4;0.348837;0.596774;5;
0.163462;0.107843;0.162651;0.00460123;0.0919881;0.174216;0.218097;0.0607287;0.709091;0.197674;0.516129;5;
0.307692;0.215686;0.307229;0.199387;0.121662;0.132404;0.36891;0.202236;0.318182;0.348837;0.258065;7;
0.211538;0.196078;0.162651;0.053681;0.109792;0.167247;0.320186;0.0800077;0.5;0.395349;0.580645;6;
0.355769;0.107843;0.295181;0.0184049;0.136499;0.0592334;0.234339;0.144399;0.554545;0.255814;0.306452;5;
0.317308;0.441176;0.144578;0.00306748;0.0593472;0.0940767;0.178654;0.113553;0.4;0.116279;0.177419;4;
0.355769;0.196078;0.46988;0.17638;0.0949555;0.1777;0.352668;0.217274;0.236364;0.255814;0.112903;5;
0.346154;0.107843;0.186747;0.21319;0.106825;0.12892;0.426914;0.221515;0.345455;0.325581;0.193548;6;
0.259615;0.127451;0.253012;0.00766871;0.148368;0.108014;0.213457;0.107769;0.363636;0.186047;0.274194;6;
0.221154;0.27451;0.198795;0.00766871;0.121662;0.0766551;0.37123;0.107769;0.390909;0.651163;0.241935;6;
0.269231;0.127451;0.301205;0.124233;0.0801187;0.135889;0.422274;0.112396;0.218182;0.395349;0.483871;6;
0.298077;0.215686;0.150602;0.041411;0.0949555;0.0836237;0.266821;0.13823;0.418182;0.325581;0.209677;6;
0.346154;0.186275;0.156627;0.171779;0.130564;0.184669;0.38051;0.190476;0.354545;0.44186;0.290323;5;
0.307692;0.254902;0.180723;0.0184049;0.106825;0.146341;0.308585;0.0827068;0.245455;0.267442;0.451613;6;
0.182692;0.372549;0.277108;0.0122699;0.0919881;0.101045;0.37123;0.117409;0.372727;0.290698;0.129032;5;
0.288462;0.127451;0.240964;0.0874233;0.0682493;0.132404;0.259861;0.0969732;0.418182;0.360465;0.645161;7;
0.365385;0.215686;0.13253;0.147239;0.118694;0.191638;0.422274;0.182957;0.327273;0.209302;0.209677;6;
0.25;0.147059;0.198795;0.00843558;0.103858;0.0470383;0.483759;0.0942741;0.554545;0.255814;0.483871;6;
0.336538;0.176471;0.198795;0.264571;0.118694;0.137631;0.431555;0.248506;0.309091;0.255814;0.177419;7;
0.346154;0.313725;0.246988;0.207055;0.130564;0.121951;0.429234;0.226528;0.436364;0.476744;0.225806;6;
0.355769;0.196078;0.246988;0.0107362;0.103858;0.0313589;0.271462;0.112204;0.509091;0.267442;0.370968;5;
0.365385;0.117647;0.180723;0.208589;0.139466;0.1777;0.472158;0.229227;0.381818;0.27907;0.145161;8;
0.355769;0.156863;0.186747;0.190184;0.118694;0.15331;0.482599;0.219587;0.327273;0.360465;0.129032;5;
0.25;0.0588235;0.186747;0.00920245;0.074184;0.1777;0.299304;0.0719105;0.6;0.151163;0.564516;7;
0.144231;0.495098;0.0421687;0.0996933;0.103858;0.111498;0.315545;0.142472;0.563636;0.406977;0.274194;6;
0.269231;0.107843;0.168675;0.00766871;0.103858;0.125436;0.211137;0.0634278;0.454545;0.546512;0.516129;6;
0.5;0.460784;0.180723;0.115031;0.0504451;0.0418118;0.143852;0.113553;0.2;0.162791;0.612903;5;
0.259615;0.245098;0.168675;0.0843558;0.0267062;0.135889;0.218097;0.0792366;0.472727;0.116279;0.677419;6;
0.201923;0.176471;0.180723;0.00613497;0.0801187;0.125436;0.243619;0.109697;0.781818;0.302326;0.225806;5;
0.288462;0.127451;0.162651;0.0230061;0.0623145;0.0836237;0.301624;0.0557162;0.4;0.453488;0.741935;7;
0.269231;0.117647;0.162651;0.157975;0.0860534;0.0940767;0.280742;0.15134;0.354545;0.255814;0.403226;7;
0.269231;0.284314;0.283133;0.0904908;0.154303;0.0731707;0.327146;0.159823;0.381818;0.267442;0.258065;6;
0.288462;0.539216;0.0240964;0.0107362;0.145401;0.0801394;0.287703;0.107962;0.409091;0.197674;0.354839;4;
0.307692;0.137255;0.144578;0.159509;0.0949555;0.254355;0.366589;0.153653;0.236364;0.395349;0.403226;6;
0.278846;0.107843;0.138554;0.0858896;0.11276;0.118467;0.25058;0.142472;0.563636;0.244186;0.258065;6;
0.403846;0.647059;0.126506;0.0521472;0.121662;0.0766551;0.287703;0.136302;0.309091;0.186047;0.274194;5;
0.221154;0.0686275;0.240964;0.00920245;0.0623145;0.0592334;0.174014;0.0414498;0.427273;0.860465;0.806452;6;
0.317308;0.382353;0.174699;0.217791;0.0445104;0.0696864;0.308585;0.155581;0.363636;0.302326;0.645161;8;
0.336538;0.107843;0.162651;0.203988;0.142433;0.149826;0.338747;0.211297;0.2;0.22093;0.129032;8;
0.288462;0.117647;0.228916;0.0628834;0.0919881;0.087108;0.218097;0.132832;0.590909;0.418605;0.435484;6;
0.259615;0.166667;0.271084;0.110429;0.115727;0.174216;0.415313;0.166763;0.436364;0.360465;0.177419;5;
0.230769;0.117647;0.295181;0.0153374;0.166172;0.0522648;0.310905;0.127048;0.454545;0.348837;0.193548;6;
0.442308;0.313725;0.421687;0.191718;0.0979228;0.0940767;0.436195;0.209948;0.309091;0.488372;0.274194;5;
0.144231;0.117647;0.186747;0.0460123;0.0801187;0.0696864;0.190255;0.109312;0.627273;0.325581;0.290323;6;
0.173077;0.205882;0.0301205;0.00306748;0.0860534;0.0313589;0.0487239;0.101986;0.581818;0.151163;0.193548;5;
0.173077;0.117647;0.216867;0.0291411;0.115727;0.0487805;0.269142;0.110083;0.7;0.313953;0.322581;6;
0.259615;0.147059;0.228916;0.0107362;0.0682493;0.0940767;0.238979;0.113168;0.518182;0.372093;0.274194;5;
0.336538;0.0490196;0.192771;0.211656;0.124629;0.111498;0.232019;0.198381;0.436364;0.151163;0.193548;6;
0.346154;0.27451;0.198795;0.0122699;0.0474777;0.087108;0.106729;0.0846347;0.445455;0.127907;0.516129;6;
0.192308;0.264706;0.174699;0.0398773;0.074184;0.135889;0.329466;0.078851;0.572727;0.418605;0.586022;7;
0.259615;0.264706;0.168675;0.180982;0.124629;0.292683;0.473318;0.175246;0.4;0.337209;0.306452;6;
0.278846;0.107843;0.246988;0.230061;0.139466;0.254355;0.338747;0.238866;0.436364;0.255814;0.129032;6;
0.192308;0.235294;0.168675;0.0567485;0.0682493;0.15331;0.24594;0.0453056;0.4;0.406977;0.806452;8;
0.298077;0.0980392;0.198795;0.00613497;0.133531;0.0766551;0.359629;0.105842;0.636364;0.337209;0.403226;5;
0.259615;0.264706;0.186747;0.147239;0.178042;0.195122;0.37355;0.189127;0.418182;0.313953;0.225806;5;
0.336538;0.156863;0.204819;0.226994;0.121662;0.125436;0.382831;0.215732;0.281818;0.232558;0.16129;6;
0.25;0.22549;0.319277;0.125767;0.142433;0.118467;0.491879;0.179487;0.409091;0.255814;0.177419;5;
0.192308;0.0980392;0.168675;0.0107362;0.074184;0.0243902;0.197216;0.0734529;0.445455;0.348837;0.516129;6;
0.173077;0.102941;0.114458;0.0996933;0.115727;0.118467;0.234339;0.140158;0.490909;0.22093;0.241935;6;
0.317308;0.54902;0.295181;0.0184049;0.121662;0.0522648;0.276102;0.144399;0.536364;0.418605;0.419355;4;
0.423077;0.215686;0.26506;0.180982;0.10089;0.174216;0.336427;0.142857;0.290909;0.127907;0.645161;6;
0.278846;0.0882353;0.253012;0.150307;0.0860534;0.289199;0.401392;0.176788;0.290909;0.255814;0.145161;6;
0.355769;0.156863;0.186747;0.191718;0.121662;0.0836237;0.396752;0.226142;0.3;0.360465;0.177419;6;
0.423077;0.196078;0.253012;0.0184049;0.0652819;0.097561;0.194896;0.0884905;0.336364;0.197674;0.548387;5;
0.326923;0.117647;0.186747;0.144172;0.133531;0.163763;0.361949;0.190669;0.618182;0.232558;0.306452;6;
0.221154;0.0882353;0.162651;0.0138037;0.139466;0.149826;0.292343;0.101986;0.436364;0.244186;0.354839;6;
0.221154;0.137255;0.240964;0.0191718;0.0652819;0.0801394;0.236659;0.0491614;0.281818;0.0930233;0.612903;7;
0.201923;0.254902;0.13253;0.0276074;0.0623145;0.0592334;0.292343;0.0441488;0.627273;0.651163;0.951613;7;
0.384615;0.186275;0.349398;0.162577;0.0801187;0.146341;0.352668;0.204164;0.309091;0.22093;0.145161;6;
0.317308;0.22549;0.301205;0.21319;0.148368;0.0139373;0.322506;0.215732;0.2;0.255814;0.177419;5;
0.394231;0.205882;0.23494;0.0935583;0.0801187;0.0139373;0.25058;0.128976;0.363636;0.232558;0.435484;5;
0.115385;0.186275;0.192771;0.059816;0.0682493;0.195122;0.392111;0.0472335;0.663636;0.104651;0.741935;7;
0.403846;0.235294;0.156627;0.00920245;0.121662;0.033101;0.183295;0.144399;0.472727;0.174419;0.241935;4;
0.288462;0.22549;0.180723;0.113497;0.0563798;0.108014;0.262181;0.0873337;0.372727;0.476744;0.741935;7;
0.163462;0.22549;0.174699;0.0368098;0.0534125;0.0487805;0.215777;0.0686331;0.463636;0.395349;0.516129;6;
0.259615;0.156863;0.192771;0.107362;0.0860534;0.160279;0.450116;0.167534;0.663636;0.372093;0.274194;7;
0.134615;0.22549;0.216867;0.0690184;0.0652819;0.15331;0.315545;0.0499325;0.381818;0.104651;0.709677;7;
0.25;0.186275;0.114458;0.0214724;0.222552;0.0662021;0.422274;0.155196;0.7;0.476744;0.258065;4;
0.461538;0.22549;0.180723;0.00460123;0.106825;0.0487805;0.232019;0.103721;0.209091;0.197674;0.33871;5;
0.153846;0.171569;0.198795;0.00920245;0.124629;0.0940767;0.262181;0.0649701;0.590909;0.511628;0.532258;6;
0.298077;0.401961;0.144578;0.00920245;0.118694;0.0383275;0.269142;0.117409;0.409091;0.337209;0.225806;5;
0.451923;0.147059;0.240964;0.142638;0.0801187;0.0766551;0.183295;0.154039;0.272727;0.232558;0.403226;6;
0.480769;0.147059;0.210843;0.154908;0.0919881;0.0836237;0.403712;0.21766;0.190909;0.313953;0.177419;6;
0.288462;0.196078;0.240964;0.328221;0.115727;0.160279;0.366589;0.267785;0.190909;0.325581;0.112903;5;
0.192308;0.27451;0.156627;0.041411;0.0860534;0.132404;0.334107;0.0769231;0.563636;0.383721;0.532258;6;
0.355769;0.333333;0.204819;0.0567485;0.0919881;0.111498;0.229698;0.0855986;0.381818;0.267442;0.774194;8;
0.288462;0.196078;0.204819;0.105828;0.0771513;0.111498;0.389791;0.189127;0.554545;0.244186;0.177419;5;
0.259615;0.137255;0.150602;0.253067;0.121662;0.146341;0.299304;0.250434;0.527273;0.174419;0.129032;5;
0.365385;0.186275;0.313253;0.0398773;0.10089;0.0905923;0.331787;0.0805861;0.272727;0.360465;0.548387;6;
0.278846;0.392157;0.192771;0.0122699;0.0356083;0.0696864;0.259861;0.0345094;0.390909;0.360465;0.758065;7;
0.298077;0.156863;0.210843;0.00613497;0.127596;0.114983;0.317865;0.113553;0.663636;0.255814;0.322581;6;
0.278846;0.156863;0.210843;0.191718;0.121662;0.216028;0.454756;0.190669;0.390909;0.325581;0.241935;5;
0.211538;0.196078;0.313253;0.0858896;0.0563798;0.121951;0.220418;0.0867553;0.509091;0.337209;0.612903;7;
0.346154;0.147059;0.150602;0.0122699;0.118694;0.142857;0.306265;0.121265;0.636364;0.372093;0.354839;7;
0.413462;0.22549;0.216867;0.116564;0.0563798;0.0940767;0.308585;0.103914;0.263636;0.139535;0.806452;7;
0.288462;0.284314;0.403614;0.0138037;0.492582;0.0487805;0.206497;0.102757;0.309091;0.395349;0.370968;6;
0.490385;0.0490196;0.295181;0.00613497;0.0563798;0.0139373;0.0348028;0.105842;0.172727;0.116279;0.306452;5;
0.346154;0.245098;0.156627;0.230061;0.118694;0.226481;0.466357;0.230576;0.309091;0.534884;0.241935;5;
0.201923;0.127451;0.144578;0.17638;0.103858;0.1777;0.361949;0.188741;0.481818;0.197674;0.241935;5;
0.278846;0.411765;0.228916;0.105828;0.109792;0.0836237;0.385151;0.183343;0.545455;0.372093;0.258065;5;
0.240385;0.107843;0.192771;0.0337423;0.109792;0.0557491;0.164733;0.0640062;0.181818;0.290698;0.491935;6;
0.326923;0.137255;0.144578;0.0122699;0.0949555;0.0522648;0.348028;0.093503;0.481818;0.360465;0.516129;6;
0.192308;0.0882353;0.180723;0.0122699;0.0830861;0.184669;0.280742;0.0730673;0.518182;0.186047;0.532258;6;
0.278846;0.215686;0.445783;0.0674847;0.0860534;0.114983;0.343387;0.142472;0.445455;0.27907;0.306452;5;
0.240385;0.107843;0.168675;0.0184049;0.0385757;0.0905923;0.345708;0.0692115;0.436364;0.488372;0.548387;6;
0.365385;0.196078;0.23494;0.0199387;0.127596;0.0731707;0.24826;0.13476;0.481818;0.209302;0.387097;6;
0.317308;0.196078;0.156627;0.0199387;0.118694;0.0348432;0.178654;0.121265;0.390909;0.186047;0.225806;5;
0.298077;0.107843;0.240964;0.0122699;0.0801187;0.0418118;0.106729;0.0730673;0.327273;0.534884;0.564516;7;
0.336538;0.107843;0.162651;0.203988;0.142433;0.149826;0.338747;0.211297;0.2;0.22093;0.129032;8;
0.336538;0.176471;0.198795;0.171779;0.142433;0.160279;0.273782;0.189319;0.345455;0.383721;0.322581;6;
0.269231;0.284314;0.0421687;0.0122699;0.115727;0.195122;0.313225;0.0981299;0.409091;0.186047;0.322581;5;
0.259615;0.0980392;0.198795;0.113497;0.124629;0.0487805;0.283063;0.181029;0.509091;0.255814;0.112903;7;
0.25;0.166667;0.192771;0.0751534;0.118694;0.135889;0.387471;0.152111;0.427273;0.534884;0.193548;6;
0.298077;0.166667;0.156627;0.0705521;0.0445104;0.118467;0.292343;0.148255;0.4;0.581395;0.435484;7;
0.298077;0.166667;0.180723;0.053681;0.133531;0.0731707;0.24826;0.132832;0.245455;0.186047;0.225806;6;
0.384615;0.127451;0.162651;0.00920245;0.124629;0.0627178;0.185615;0.12512;0.309091;0.27907;0.177419;5;
0.269231;0.0686275;0.204819;0.00613497;0.0830861;0.149826;0.162413;0.0458839;0.218182;0.325581;0.596774;6;
0.384615;0.166667;0.168675;0.101227;0.0919881;0.15331;0.394432;0.160015;0.381818;0.44186;0.33871;6;
0.365385;0.215686;0.222892;0.0153374;0.231454;0.087108;0.389791;0.140158;0.336364;0.325581;0.290323;5;
0.307692;0.156863;0.180723;0.0935583;0.0890208;0.121951;0.269142;0.139773;0.436364;0.197674;0.306452;5;
0.269231;0.137255;0.180723;0.216258;0.106825;0.167247;0.294664;0.19144;0.381818;0.174419;0.419355;6;
0.480769;0.107843;0.180723;0.0674847;0.0563798;0.111498;0.257541;0.102371;0.2;0.290698;0.516129;5;
0.134615;0.352941;0.0240964;0.0122699;0.0801187;0.142857;0.25522;0.0441488;0.581818;0.127907;0.66129;8;
0.432692;0.303922;0.421687;0.153374;0.106825;0.108014;0.37123;0.202236;0.336364;0.406977;0.225806;5;
0.307692;0.392157;0.0722892;0.059816;0.121662;0.0731707;0.178654;0.132447;0.127273;0.151163;0.16129;5;
0.307692;0.27451;0.210843;0.0291411;0.115727;0.226481;0.352668;0.0838635;0.3;0.395349;0.5;6;
0.288462;0.147059;0.192771;0.122699;0.109792;0.156794;0.348028;0.142857;0.327273;0.348837;0.403226;6;
0.336538;0.0686275;0.240964;0.0214724;0.121662;0.0766551;0.192575;0.117409;0.381818;0.267442;0.403226;5;
0.336538;0.0980392;0.186747;0.256135;0.136499;0.10453;0.436195;0.252362;0.372727;0.27907;0.16129;6;
0.336538;0.166667;0.216867;0.0230061;0.074184;0.097561;0.389791;0.0721033;0.481818;0.209302;0.629032;8;
0.413462;0.22549;0.144578;0.0153374;0.0682493;0.0278746;0.134571;0.101986;0.327273;0.290698;0.403226;5;
0.346154;0.0980392;0.186747;0.0122699;0.145401;0.125436;0.366589;0.115481;0.4;0.360465;0.322581;7;
0.201923;0.352941;0.198795;0.00920245;0.118694;0.0348432;0.25058;0.08155;0.672727;0.255814;0.564516;5;
0.201923;0.328431;0.0120482;0.00306748;0.0860534;0.0696864;0.12529;0.117409;0.581818;0.162791;0.209677;5;
0.355769;0.147059;0.174699;0.0306748;0.0652819;0.0766551;0.206497;0.0931174;0.254545;0.372093;0.467742;6;
0.432692;0.147059;0.180723;0.0230061;0.118694;0.0662021;0.334107;0.157895;0.336364;0.325581;0.258065;6;
0.346154;0.215686;0.295181;0.116564;0.136499;0.163763;0.415313;0.198381;0.727273;0.418605;0.274194;6;
0.259615;0.0980392;0.246988;0.208589;0.0890208;0.156794;0.278422;0.186428;0.509091;0.581395;0.370968;7;
0.201923;0.117647;0.168675;0.187117;0.0860534;0.0940767;0.285383;0.137845;0.536364;0.406977;0.612903;7;
0.336538;0.0980392;0.174699;0.00613497;0.0801187;0.0836237;0.213457;0.0557162;0.336364;0.174419;0.596774;6;
0.240385;0.196078;0.204819;0.115031;0.0860534;0.146341;0.278422;0.103528;0.490909;0.0813953;0.66129;6;
0.25;0.264706;0.168675;0.184049;0.0890208;0.0592334;0.266821;0.15963;0.436364;0.244186;0.419355;6;
0.182692;0.0980392;0.13253;0.0552147;0.0979228;0.0801394;0.236659;0.132832;0.572727;0.197674;0.225806;5;
0.240385;0.166667;0.162651;0.0920245;0.133531;0.132404;0.345708;0.128591;0.436364;0.302326;0.370968;5;
0.346154;0.0980392;0.144578;0.0122699;0.11276;0.0662021;0.225058;0.129555;0.727273;0.488372;0.403226;7;
0.384615;0.107843;0.156627;0.127301;0.0890208;0.139373;0.401392;0.17139;0.418182;0.27907;0.306452;6;
0.269231;0.137255;0.138554;0.256135;0.11276;0.121951;0.2529;0.230384;0.327273;0.27907;0.129032;6;
0.307692;0.0784314;0.180723;0.0306748;0.10089;0.111498;0.187935;0.0647773;0.145455;0.290698;0.516129;6;
0.317308;0.254902;0.192771;0.0214724;0.124629;0.0940767;0.280742;0.123964;0.527273;0.325581;0.387097;6;
0.25;0.176471;0.144578;0.0889571;0.0919881;0.087108;0.266821;0.0614999;0.454545;0.313953;0.741935;7;
0.125;0.245098;0.13253;0.0153374;0.0534125;0.0557491;0.185615;0.0422209;0.718182;0.186047;0.725806;7;
0.346154;0.0980392;0.204819;0.0322086;0.0623145;0.097561;0.227378;0.0942741;0.227273;0.360465;0.483871;6;
0.317308;0.0490196;0.174699;0.228528;0.163205;0.188153;0.2471;0.197802;0.4;0.22093;0.274194;7;
0.384615;0.313725;0.295181;0.110429;0.151335;0.111498;0.354988;0.182957;0.490909;0.418605;0.532258;6;
0.288462;0.107843;0.216867;0.0199387;0.0771513;0.097561;0.201856;0.0884905;0.390909;0.372093;0.451613;7;
0.269231;0.0882353;0.210843;0.0306748;0.0623145;0.108014;0.160093;0.0838635;0.454545;0.581395;0.532258;6;
0.278846;0.0882353;0.301205;0.0230061;0.10089;0.087108;0.262181;0.100058;0.390909;0.267442;0.370968;6;
0.423077;0.254902;0.295181;0.113497;0.109792;0.184669;0.49652;0.17139;0.327273;0.348837;0.435484;6;
0.307692;0.186275;0.246988;0.278374;0.0979228;0.111498;0.343387;0.252362;0.218182;0.325581;0.177419;5;
0.432692;0.333333;0.373494;0.286043;0.0919881;0.135889;0.37819;0.252362;0.236364;0.523256;0.274194;5;
0.298077;0.284314;0.138554;0.136503;0.142433;0.181185;0.364269;0.165221;0.463636;0.232558;0.322581;5;
0.461538;0.186275;0.277108;0.0843558;0.0682493;0.0383275;0.0742459;0.113553;0.154545;0.139535;0.467742;5;
0.317308;0.0686275;0.204819;0.00613497;0.0712166;0.087108;0.148492;0.0507037;0.472727;0.22093;0.677419;6;
0.230769;0.0980392;0.180723;0.00613497;0.0652819;0.0731707;0.148492;0.0618855;0.463636;0.348837;0.532258;6;
0.355769;0.0882353;0.204819;0.0122699;0.0771513;0.0383275;0.215777;0.0904184;0.3;0.604651;0.483871;5;
0.326923;0.254902;0.26506;0.0552147;0.11276;0.170732;0.313225;0.0749952;0.263636;0.627907;0.693548;6;
0.355769;0.235294;0.295181;0.0168712;0.0652819;0.146341;0.232019;0.0672836;0.318182;0.27907;0.725806;6;
0.442308;0.137255;0.180723;0.127301;0.0445104;0.0522648;0.2529;0.143628;0.245455;0.139535;0.403226;6;
0.336538;0.421569;0.174699;0.16411;0.074184;0.205575;0.49884;0.187392;0.381818;0.395349;0.241935;6;
0.211538;0.235294;0.192771;0.0644172;0.0949555;0.132404;0.410673;0.101022;0.454545;0.372093;0.483871;6;
0.346154;0.0784314;0.180723;0.20092;0.139466;0.108014;0.36891;0.214768;0.163636;0.255814;0.112903;7;
0.326923;0.313725;0.295181;0.00766871;0.115727;0.0313589;0.299304;0.111625;0.263636;0.232558;0.209677;5;
0.346154;0.117647;0.168675;0.130368;0.11276;0.0940767;0.199536;0.15828;0.4;0.290698;0.290323;7;
0.259615;0.0882353;0.186747;0.0138037;0.0949555;0.111498;0.259861;0.0734529;0.309091;0.27907;0.403226;6;
0.230769;0.117647;0.156627;0.139571;0.0623145;0.12892;0.215777;0.0711394;0.327273;0.395349;0.790323;7;
0.25;0.186275;0.180723;0.0153374;0.0919881;0.0592334;0.178654;0.0728745;0.545455;0.5;0.564516;6;
0.288462;0.303922;0.210843;0.168712;0.103858;0.191638;0.489559;0.205128;0.318182;0.360465;0.209677;5;
0.259615;0.176471;0.204819;0.0122699;0.0919881;0.0801394;0.406032;0.0973588;0.518182;0.27907;0.435484;5;
0.317308;0.22549;0.150602;0.162577;0.115727;0.10453;0.294664;0.183536;0.381818;0.209302;0.241935;5;
0.25;0.205882;0.180723;0.0352761;0.0801187;0.0801394;0.162413;0.0628494;0.518182;0.44186;0.709677;7;
0.192308;0.137255;0.174699;0.0107362;0.0801187;0.0801394;0.136891;0.0296896;0.472727;0.151163;0.741935;6;
0.269231;0.235294;0.283133;0.230061;0.160237;0.087108;0.38051;0.223829;0.418182;0.395349;0.16129;5;
0.259615;0.27451;0.192771;0.00766871;0.0652819;0.0383275;0.132251;0.0865626;0.345455;0.27907;0.419355;5;
0.365385;0.107843;0.246988;0.00766871;0.0919881;0.125436;0.310905;0.0692115;0.181818;0.232558;0.548387;5;
0.288462;0.176471;0.144578;0.110429;0.127596;0.181185;0.475638;0.173318;0.372727;0.290698;0.145161;5;
0.307692;0.156863;0.216867;0.0659509;0.219585;0.0278746;0.287703;0.136688;0.554545;0.174419;0.451613;6;
0.346154;0.117647;0.222892;0.250767;0.115727;0.142857;0.419954;0.238866;0.281818;0.232558;0.193548;6;
0.336538;0.215686;0.198795;0.0260736;0.10089;0.0905923;0.269142;0.0719105;0.563636;0.255814;0.741935;7;
0.307692;0.303922;0.126506;0.154908;0.264095;0.0383275;0.190255;0.182379;0.281818;0.290698;0.209677;5;
0.394231;0.0882353;0.192771;0.0153374;0.130564;0.156794;0.327146;0.148255;0.518182;0.627907;0.258065;6;
0.259615;0.147059;0.216867;0.240798;0.0860534;0.142857;0.287703;0.233854;0.490909;0.22093;0.129032;5;
0.317308;0.0980392;0.23494;0.224693;0.11276;0.149826;0.345708;0.238095;0.563636;0.639535;0.177419;6;
0.259615;0.0980392;0.156627;0.0122699;0.0949555;0.132404;0.306265;0.13476;0.563636;0.581395;0.241935;6;
0.269231;0.137255;0.222892;0.0153374;0.0919881;0.101045;0.213457;0.0574513;0.390909;0.511628;0.645161;5;
0.519231;0.166667;0.204819;0.00920245;0.0504451;0.101045;0.194896;0.0865626;0.190909;0.174419;0.532258;7;
0.230769;0.196078;0.168675;0.0567485;0.0504451;0.0696864;0.222738;0.0364372;0.236364;0.488372;0.822581;8;
0.182692;0.303922;0.150602;0.0659509;0.0712166;0.163763;0.241299;0.0491614;0.490909;0.418605;0.822581;7;
0.298077;0.27451;0.204819;0.0552147;0.0267062;0.191638;0.25522;0.0518604;0.509091;0.162791;0.758065;9;
0.240385;0.186275;0.150602;0.0797546;0.0860534;0.174216;0.338747;0.152111;0.509091;0.186047;0.225806;6;
0.326923;0.0882353;0.168675;0.259969;0.121662;0.108014;0.336427;0.242915;0.2;0.244186;0.16129;7;
0.240385;0.264706;0.180723;0.0782209;0.0771513;0.0209059;0.204176;0.107769;0.5;0.22093;0.483871;7;
0.365385;0.107843;0.222892;0.191718;0.0712166;0.174216;0.329466;0.195682;0.418182;0.662791;0.387097;6;
0.163462;0.254902;0.156627;0.0245399;0.0356083;0.101045;0.25522;0.0401003;0.754545;0.313953;0.806452;8;
0.201923;0.411765;0.0301205;0.0306748;0.133531;0.118467;0.317865;0.148255;0.645455;0.325581;0.193548;6;
0.307692;0.127451;0.13253;0.0690184;0.115727;0.125436;0.36891;0.142472;0.563636;0.313953;0.387097;6;
0.403846;0.245098;0.192771;0.0613497;0.0949555;0.101045;0.396752;0.0911895;0.181818;0.604651;0.677419;6;
0.346154;0.215686;0.13253;0.0122699;0.109792;0.0487805;0.292343;0.109697;0.327273;0.639535;0.387097;7;
0.278846;0.107843;0.192771;0.047546;0.0949555;0.0836237;0.155452;0.0890688;0.163636;0.406977;0.403226;7;
0.442308;0.117647;0.228916;0.171779;0.136499;0.170732;0.37355;0.256217;0.563636;0.697674;0.145161;6;
0.307692;0.137255;0.198795;0.0230061;0.127596;0.0452962;0.155452;0.113553;0.436364;0.22093;0.419355;6;
0.365385;0.235294;0.150602;0.136503;0.0623145;0.0452962;0.294664;0.12647;0.345455;0.255814;0.66129;6;
0.346154;0.0735294;0.204819;0.0260736;0.106825;0.249129;0.475638;0.121265;0.418182;0.453488;0.306452;7;
0.336538;0.720588;0.0542169;0.165644;0.103858;0.149826;0.452436;0.193175;0.390909;0.27907;0.16129;5;
0.298077;0.313725;0.259036;0.0858896;0.166172;0.139373;0.392111;0.162136;0.354545;0.360465;0.225806;5;
0.317308;0.0882353;0.228916;0.104294;0.127596;0.163763;0.401392;0.167534;0.572727;0.348837;0.258065;6;
0.288462;0.235294;0.198795;0.00153374;0.0534125;0.0452962;0.132251;0.0537883;0.354545;0.104651;0.612903;6;
0.201923;0.147059;0.144578;0.0153374;0.0830861;0.10453;0.24594;0.0703682;0.445455;0.337209;0.548387;6;
0.25;0.166667;0.246988;0.122699;0.0979228;0.191638;0.38051;0.181029;0.254545;0.255814;0.177419;5;
0.298077;0.0588235;0.228916;0.00613497;0.0949555;0.0696864;0.167053;0.0640062;0.281818;0.372093;0.548387;6;
0.317308;0.215686;0.216867;0.095092;0.136499;0.148084;0.522042;0.194525;0.7;0.488372;0.354839;6;
0.269231;0.303922;0.23494;0.173313;0.142433;0.170732;0.491879;0.21978;0.490909;0.337209;0.145161;6;
0.307692;0.147059;0.216867;0.190184;0.124629;0.243902;0.389791;0.194525;0.4;0.313953;0.290323;5;
0.480769;0.245098;0.216867;0.0230061;0.074184;0.0592334;0.269142;0.0877193;0.218182;0.883721;0.758065;6;
0.182692;0.181373;0.168675;0.0966258;0.0801187;0.15331;0.327146;0.11336;0.581818;0.255814;0.451613;7;
0.403846;0.186275;0.343373;0.150307;0.130564;0.0557491;0.290023;0.196838;0.363636;0.534884;0.16129;5;
0.25;0.0784314;0.26506;0.00920245;0.124629;0.12892;0.262181;0.066898;0.354545;0.616279;0.532258;7;
0.288462;0.176471;0.253012;0.0168712;0.118694;0.135889;0.262181;0.113553;0.681818;0.302326;0.403226;8;
0.240385;0.147059;0.198795;0.0138037;0.0801187;0.0452962;0.222738;0.0749952;0.545455;0.232558;0.516129;6;
0.365385;0.127451;0.361446;0.0230061;0.109792;0.156794;0.361949;0.12512;0.3;0.372093;0.33871;7;
0.442308;0.205882;0.174699;0.00690184;0.0682493;0.00696864;0.106729;0.0711394;0.172727;0.116279;0.548387;4;
0.298077;0.0343137;0.210843;0.0736196;0.115727;0.118467;0.229698;0.130904;0.545455;0.232558;0.354839;6;
0.25;0.0686275;0.26506;0.00920245;0.10089;0.226481;0.327146;0.0692115;0.381818;0.593023;0.516129;7;
0.375;0.0980392;0.319277;0.00920245;0.0949555;0.139373;0.366589;0.0711394;0.354545;0.255814;0.629032;5;
0.259615;0.0490196;0.162651;0.0306748;0.0771513;0.10453;0.155452;0.0827068;0.445455;0.627907;0.537634;6;
0.259615;0.156863;0.168675;0.00766871;0.074184;0.0836237;0.171694;0.0418354;0.481818;0.127907;0.693548;6;
0.346154;0.0980392;0.240964;0.0153374;0.11276;0.0696864;0.215777;0.127048;0.509091;0.255814;0.435484;5;
0.259615;0.127451;0.168675;0.0122699;0.109792;0.0836237;0.132251;0.0940814;0.645455;0.302326;0.5;6;
0.25;0.176471;0.126506;0.0996933;0.0919881;0.114983;0.354988;0.163678;0.609091;0.418605;0.306452;6;
0.211538;0.127451;0.174699;0.191718;0.0979228;0.0905923;0.269142;0.236167;0.609091;0.267442;0.0967742;5;
0.355769;0.235294;0.156627;0.0184049;0.0979228;0.0383275;0.287703;0.128976;0.318182;0.186047;0.241935;5;
0.317308;0.127451;0.168675;0.0322086;0.074184;0.0731707;0.236659;0.133796;0.572727;0.488372;0.354839;4;
0.240385;0.235294;0.10241;0.263037;0.151335;0.170732;0.419954;0.232312;0.372727;0.302326;0.129032;6;
0.326923;0.147059;0.192771;0.121166;0.145401;0.156794;0.410673;0.163678;0.427273;0.209302;0.306452;6;
0.269231;0.0784314;0.150602;0.141104;0.118694;0.200348;0.296984;0.152111;0.4;0.186047;0.322581;6;
0.288462;0.235294;0.108434;0.105828;0.0949555;0.240418;0.49652;0.169462;0.381818;0.22093;0.145161;5;
0.336538;0.215686;0.445783;0.197853;0.0890208;0.15331;0.361949;0.213804;0.272727;0.209302;0.112903;5;
0.288462;0.137255;0.222892;0.223926;0.124629;0.229965;0.392111;0.235975;0.618182;0.732558;0.209677;6;
0.221154;0.0882353;0.174699;0.00766871;0.0949555;0.10453;0.192575;0.0626566;0.490909;0.406977;0.516129;6;
0.278846;0.323529;0.162651;0.0306748;0.0712166;0.0801394;0.176334;0.0722961;0.3;0.139535;0.596774;6;
0.307692;0.0588235;0.168675;0.0107362;0.0504451;0.0278746;0.109049;0.123578;0.672727;0.267442;0.306452;5;
0.336538;0.137255;0.222892;0.210123;0.160237;0.160279;0.422274;0.206092;0.154545;0.186047;0.16129;6;
0.269231;0.107843;0.246988;0.127301;0.109792;0.170732;0.37123;0.159823;0.381818;0.406977;0.290323;6;
0.25;0.0196078;0.210843;0.0659509;0.115727;0.101045;0.218097;0.146327;0.645455;0.662791;0.274194;6;
0.211538;0.176471;0.253012;0.0705521;0.0534125;0.236934;0.392111;0.0827068;0.618182;0.209302;0.693548;8;
0.375;0.0980392;0.210843;0.0797546;0.136499;0.0801394;0.313225;0.166763;0.472727;0.372093;0.354839;6;
0.317308;0.127451;0.186747;0.0490798;0.0356083;0.132404;0.308585;0.097166;0.409091;0.197674;0.451613;7;
0.269231;0.186275;0.295181;0.110429;0.118694;0.209059;0.482599;0.169462;0.409091;0.267442;0.225806;6;
0.471154;0.215686;0.204819;0.0644172;0.0267062;0.0731707;0.273782;0.147099;0.363636;0.313953;0.516129;7;
0.259615;0.196078;0.168675;0.303681;0.0949555;0.132404;0.313225;0.252362;0.381818;0.186047;0.112903;5;
0.375;0.254902;0.349398;0.161043;0.0890208;0.135889;0.329466;0.206092;0.309091;0.313953;0.0967742;5;
0.25;0.264706;0.168675;0.00766871;0.136499;0.0243902;0.350348;0.133796;0.636364;0.325581;0.177419;7;
0.192308;0.196078;0.204819;0.0245399;0.0830861;0.0766551;0.269142;0.0530172;0.581818;0.127907;0.774194;8;
0.326923;0.147059;0.198795;0.185583;0.118694;0.167247;0.403712;0.223443;0.627273;0.209302;0.290323;5;
0.298077;0.147059;0.144578;0.208589;0.130564;0.0592334;0.197216;0.213804;0.409091;0.325581;0.258065;5;
0.317308;0.137255;0.192771;0.25;0.139466;0.163763;0.345708;0.24465;0.590909;0.186047;0.258065;6;
0.346154;0.0784314;0.180723;0.20092;0.139466;0.108014;0.36891;0.214768;0.163636;0.255814;0.112903;7;
0.25;0.235294;0.186747;0.0199387;0.0830861;0.111498;0.271462;0.0557162;0.309091;0.267442;0.612903;6;
0.25;0.245098;0.186747;0.0751534;0.115727;0.139373;0.38051;0.154039;0.427273;0.511628;0.209677;6;
0.288462;0.166667;0.204819;0.205521;0.0682493;0.156794;0.287703;0.155967;0.590909;0.325581;0.677419;7;
0.375;0.333333;0.228916;0.115031;0.154303;0.163763;0.313225;0.182957;0.618182;0.418605;0.483871;6;
0.336538;0.147059;0.162651;0.0306748;0.0771513;0.12892;0.257541;0.0823212;0.290909;0.430233;0.532258;7;
0.288462;0.215686;0.210843;0.0337423;0.0860534;0.0278746;0.359629;0.078851;0.336364;0.360465;0.645161;6;
0.240385;0.205882;0.174699;0.041411;0.0830861;0.10453;0.303944;0.0460767;0.409091;0.162791;0.774194;7;
0.221154;0.166667;0.180723;0.00920245;0.0801187;0.139373;0.227378;0.0749952;0.563636;0.395349;0.451613;7;
0.288462;0.166667;0.162651;0.154908;0.198813;0.156794;0.336427;0.184885;0.3;0.186047;0.16129;5;
0.346154;0.156863;0.253012;0.205521;0.169139;0.160279;0.438515;0.20802;0.154545;0.232558;0.145161;6;
0.115385;0.264706;0.150602;0.110429;0.0652819;0.0766551;0.24826;0.102179;0.609091;0.209302;0.532258;6;
0.423077;0.215686;0.26506;0.180982;0.10089;0.174216;0.336427;0.142857;0.290909;0.127907;0.645161;6;
0.211538;0.235294;0.277108;0.0138037;0.121662;0.188153;0.417633;0.115095;0.472727;0.313953;0.258065;5;
0.346154;0.127451;0.162651;0.00920245;0.0949555;0.087108;0.208817;0.107769;0.427273;0.127907;0.290323;6;
0.336538;0.0490196;0.186747;0.0260736;0.133531;0.0696864;0.220418;0.101986;0.472727;0.813953;0.564516;7;
0.346154;0.176471;0.222892;0.134969;0.11276;0.139373;0.320186;0.213804;0.672727;0.581395;0.322581;5;
0.307692;0.235294;0.204819;0.0107362;0.0979228;0.0627178;0.139211;0.078851;0.536364;0.5;0.645161;7;
0.259615;0.0980392;0.289157;0.266871;0.133531;0.188153;0.403712;0.255832;0.236364;0.453488;0.0806452;6;
0.375;0.215686;0.253012;0.210123;0.106825;0.149826;0.473318;0.231155;0.418182;0.476744;0.193548;5;
0.336538;0.117647;0.26506;0.0122699;0.106825;0.0662021;0.206497;0.101986;0.390909;0.27907;0.322581;7;
0.240385;0.343137;0.192771;0.125767;0.0979228;0.0557491;0.225058;0.088876;0.509091;0.127907;0.790323;7;
0.221154;0.186275;0.186747;0.0506135;0.074184;0.139373;0.296984;0.0977444;0.472727;0.27907;0.467742;6;
0.326923;0.127451;0.222892;0.0153374;0.118694;0.0731707;0.197216;0.101986;0.4;0.302326;0.467742;7;
0.307692;0.147059;0.253012;0.267638;0.121662;0.114983;0.313225;0.246578;0.454545;0.232558;0.129032;5;
0.336538;0.166667;0.216867;0.191718;0.121662;0.114983;0.443155;0.221515;0.290909;0.27907;0.145161;7;
0.298077;0.107843;0.295181;0.0920245;0.0801187;0.163763;0.37819;0.117409;0.436364;0.0581395;0.564516;6;
0.144231;0.490196;0.0421687;0.0966258;0.10089;0.111498;0.324826;0.140544;0.563636;0.406977;0.274194;5;
0.259615;0.137255;0.192771;0.0245399;0.0563798;0.118467;0.192575;0.0703682;0.5;0.430233;0.629032;7;
0.240385;0.186275;0.174699;0.177914;0.103858;0.198606;0.433875;0.206478;0.381818;0.209302;0.129032;6;
0.5;0.117647;0.198795;0.0444785;0.118694;0.0278746;0.0719258;0.140544;0.381818;0.162791;0.290323;6;
0.230769;0.127451;0.204819;0.0920245;0.0623145;0.118467;0.190255;0.0827068;0.545455;0.267442;0.725806;7;
0.278846;0.264706;0.192771;0.128834;0.0682493;0.0940767;0.241299;0.0919607;0.372727;0.5;0.790323;7;
0.423077;0.294118;0.295181;0.199387;0.0979228;0.195122;0.364269;0.220551;0.345455;0.372093;0.225806;5;
0.288462;0.166667;0.186747;0.194785;0.121662;0.233449;0.447796;0.194525;0.454545;0.302326;0.274194;6;
0.298077;0.294118;0.174699;0.200153;0.115727;0.174216;0.417633;0.206863;0.254545;0.44186;0.241935;6;
0.173077;0.0392157;0.198795;0.0352761;0.103858;0.0662021;0.148492;0.0356661;0.409091;0.116279;0.790323;8;
0.336538;0.215686;0.204819;0.0322086;0.103858;0.111498;0.229698;0.0759591;0.581818;0.360465;0.774194;8;
0.221154;0.107843;0.222892;0.0306748;0.0949555;0.0766551;0.208817;0.085213;0.418182;0.325581;0.467742;6;
0.269231;0.166667;0.180723;0.211656;0.127596;0.132404;0.403712;0.209948;0.272727;0.325581;0.177419;6;
0.163462;0.0784314;0.156627;0.0138037;0.0682493;0.114983;0.211137;0.0703682;0.645455;0.639535;0.645161;6;
0.298077;0.294118;0.174699;0.200153;0.115727;0.174216;0.417633;0.206863;0.254545;0.44186;0.241935;6;
0.442308;0.117647;0.162651;0.0874233;0.115727;0.097561;0.310905;0.182957;0.481818;0.325581;0.177419;6;
0.346154;0.166667;0.222892;0.197853;0.151335;0.174216;0.424594;0.200308;0.254545;0.255814;0.177419;5;
0.278846;0.0686275;0.228916;0.0168712;0.0830861;0.0627178;0.174014;0.0645845;0.336364;0.360465;0.548387;6;
0.336538;0.22549;0.415663;0.147239;0.0949555;0.195122;0.350348;0.204164;0.309091;0.267442;0.0967742;5;
0.211538;0.196078;0.144578;0.263804;0.11276;0.139373;0.236659;0.228456;0.345455;0.267442;0.145161;6;
0.288462;0.0784314;0.216867;0.0107362;0.074184;0.10453;0.206497;0.066898;0.272727;0.418605;0.532258;6;
0.182692;0.166667;0.156627;0.182515;0.118694;0.175958;0.257541;0.188934;0.327273;0.267442;0.225806;6;
0.25;0.176471;0.126506;0.116564;0.121662;0.170732;0.401392;0.160208;0.463636;0.302326;0.241935;5;
0.519231;0.254902;0.162651;0.00920245;0.0504451;0.0522648;0.148492;0.096202;0.327273;0.197674;0.451613;5;
0.25;0.196078;0.26506;0.0996933;0.115727;0.163763;0.394432;0.157509;0.390909;0.302326;0.193548;5;
0.307692;0.264706;0.180723;0.0904908;0.0563798;0.087108;0.180974;0.12512;0.618182;0.232558;0.548387;7;
0.192308;0.235294;0.186747;0.0322086;0.118694;0.0801394;0.334107;0.0686331;0.654545;0.593023;0.677419;7;
0.278846;0.0686275;0.192771;0.111963;0.074184;0.0522648;0.167053;0.154425;0.518182;0.104651;0.322581;6;
0.269231;0.127451;0.216867;0.00306748;0.074184;0.160279;0.241299;0.0875265;0.472727;0.534884;0.403226;6;
0.25;0.598039;0.0542169;0.107362;0.103858;0.111498;0.313225;0.148255;0.490909;0.186047;0.33871;6;
0.317308;0.117647;0.186747;0.104294;0.130564;0.10453;0.468677;0.168884;0.536364;0.430233;0.387097;6;
0.278846;0.245098;0.295181;0.0153374;0.468843;0.0627178;0.197216;0.0827068;0.354545;0.325581;0.548387;6;
0.201923;0.166667;0.114458;0.180982;0.11276;0.167247;0.354988;0.196453;0.572727;0.186047;0.241935;5;
0.25;0.460784;0.156627;0.138037;0.0534125;0.0627178;0.220418;0.101986;0.454545;0.593023;0.822581;6;
0.25;0.137255;0.192771;0.0659509;0.109792;0.167247;0.341067;0.116638;0.6;0.383721;0.516129;6;
0.317308;0.166667;0.23494;0.0230061;0.0801187;0.097561;0.266821;0.0711394;0.509091;0.244186;0.677419;8;
0.326923;0.166667;0.192771;0.0138037;0.11276;0.087108;0.285383;0.119337;0.490909;0.255814;0.403226;5;
0.288462;0.0686275;0.198795;0.0628834;0.148368;0.101045;0.2529;0.163678;0.645455;0.197674;0.16129;7;
0.365385;0.20098;0.192771;0.214724;0.160237;0.10453;0.445476;0.209948;0.254545;0.267442;0.193548;5;
0.298077;0.0784314;0.180723;0.138037;0.142433;0.167247;0.408353;0.206092;0.609091;0.186047;0.258065;6;
0.326923;0.127451;0.216867;0.231595;0.106825;0.229965;0.403712;0.233468;0.481818;0.627907;0.225806;5;
0.25;0.156863;0.295181;0.0797546;0.130564;0.0801394;0.257541;0.136688;0.263636;0.883721;0.403226;6;
0.576923;0.166667;0.445783;0.144172;0.139466;0.118467;0.50116;0.204164;0.309091;0.244186;0.322581;4;
0.355769;0.156863;0.186747;0.191718;0.121662;0.0836237;0.396752;0.226142;0.3;0.360465;0.177419;6;
0.471154;0.22549;0.439759;0.21089;0.103858;0.087108;0.422274;0.251012;0.218182;0.767442;0.112903;5;
0.221154;0.0784314;0.222892;0.00766871;0.0652819;0.121951;0.204176;0.0981299;0.618182;0.418605;0.403226;6;
0.365385;0.27451;0.295181;0.16411;0.109792;0.296167;0.491879;0.21766;0.263636;0.244186;0.193548;5;
0.211538;0.205882;0.246988;0.156442;0.115727;0.184669;0.324826;0.127048;0.336364;0.430233;0.483871;7;
0.307692;0.0882353;0.186747;0.0644172;0.074184;0.111498;0.285383;0.140544;0.581818;0.302326;0.258065;7;
0.105769;0.245098;0.186747;0.00920245;0.0207715;0.12892;0.327146;0.000385579;0.554545;0.430233;0.967742;8;
0.355769;0.127451;0.204819;0.00920245;0.151335;0.0836237;0.236659;0.115481;0.718182;0.290698;0.435484;6;
0.278846;0.303922;0.186747;0.0322086;0.133531;0.087108;0.447796;0.148255;0.672727;0.406977;0.403226;6;
0.317308;0.352941;0.222892;0.0322086;0.0949555;0.114983;0.276102;0.0480046;0.318182;0.244186;0.887097;7;
0.269231;0.0784314;0.204819;0.00766871;0.0830861;0.135889;0.24594;0.0537883;0.263636;0.534884;0.645161;6;
0.278846;0.0588235;0.307229;0.0567485;0.0563798;0.191638;0.266821;0.0896472;0.172727;0.372093;0.435484;7;
0.307692;0.156863;0.210843;0.0138037;0.127596;0.170732;0.276102;0.13476;0.627273;0.430233;0.387097;7;
0.269231;0.196078;0.204819;0.00306748;0.0830861;0.139373;0.25522;0.0325815;0.281818;0.174419;0.725806;6;
0.336538;0.147059;0.204819;0.133436;0.127596;0.0592334;0.178654;0.166377;0.290909;0.395349;0.322581;5;
0.163462;0.0784314;0.186747;0.00920245;0.0504451;0.101045;0.136891;0.0518604;0.554545;0.255814;0.586022;6;
0.278846;0.235294;0.192771;0.0168712;0.0652819;0.101045;0.243619;0.0453056;0.363636;0.151163;0.725806;6;
0.221154;0.117647;0.150602;0.00920245;0.0860534;0.111498;0.276102;0.096202;0.472727;0.255814;0.33871;5;
0.307692;0.22549;0.156627;0.104294;0.178042;0.0905923;0.350348;0.159823;0.372727;0.27907;0.290323;6;
0.307692;0.254902;0.156627;0.148773;0.0949555;0.170732;0.364269;0.129362;0.327273;0.151163;0.580645;6;
0.288462;0.147059;0.253012;0.104294;0.103858;0.188153;0.417633;0.167534;0.454545;0.302326;0.209677;6;
0.173077;0.122549;0.0963855;0.183282;0.124629;0.101045;0.24594;0.16445;0.618182;0.186047;0.451613;6;
0.25;0.137255;0.295181;0.105828;0.133531;0.139373;0.329466;0.148255;0.5;0.348837;0.33871;6;
0.288462;0.156863;0.186747;0.271472;0.109792;0.132404;0.308585;0.248506;0.527273;0.22093;0.112903;5;
0.221154;0.186275;0.26506;0.0935583;0.0949555;0.205575;0.512761;0.153075;0.363636;0.209302;0.145161;5;
0.240385;0.294118;0.10241;0.125767;0.210682;0.167247;0.470998;0.210526;0.681818;0.511628;0.225806;4;
0.375;0.166667;0.180723;0.110429;0.0860534;0.226481;0.433875;0.162714;0.345455;0.325581;0.33871;5;
0.288462;0.0980392;0.126506;0.0736196;0.130564;0.111498;0.220418;0.141508;0.527273;0.244186;0.225806;5;
0.326923;0.156863;0.180723;0.00920245;0.0830861;0.0313589;0.199536;0.0391363;0.218182;0.162791;0.725806;6;
0.269231;0.254902;0.150602;0.0644172;0.0860534;0.0487805;0.259861;0.0938886;0.581818;0.569767;0.741935;6;
0.278846;0.392157;0.295181;0.0352761;0.0623145;0.0905923;0.262181;0.0414498;0.372727;0.209302;0.806452;6;
0.288462;0.0392157;0.186747;0.0705521;0.106825;0.0940767;0.257541;0.136688;0.627273;0.27907;0.290323;7;
0.346154;0.0882353;0.240964;0.0751534;0.0830861;0.111498;0.352668;0.123193;0.3;0.465116;0.564516;4;
0.25;0.352941;0.156627;0.0214724;0.133531;0.0627178;0.396752;0.155967;0.781818;0.406977;0.322581;5;
0.346154;0.107843;0.180723;0.187117;0.130564;0.162021;0.510441;0.221515;0.381818;0.313953;0.177419;7;
0.211538;0.196078;0.313253;0.0858896;0.0563798;0.121951;0.220418;0.0867553;0.509091;0.337209;0.612903;7;
0.259615;0.0588235;0.192771;0.0322086;0.0830861;0.0557491;0.185615;0.101986;0.618182;0.604651;0.564516;7;
0.519231;0.166667;0.204819;0.00920245;0.0504451;0.101045;0.194896;0.0865626;0.190909;0.174419;0.532258;7;
0.317308;0.0980392;0.253012;0.0122699;0.106825;0.156794;0.343387;0.0865626;0.209091;0.104651;0.403226;6;
0.298077;0.147059;0.240964;0.105828;0.0919881;0.167247;0.329466;0.107769;0.354545;0.0581395;0.548387;6;
0.346154;0.166667;0.216867;0.0222393;0.121662;0.101045;0.211137;0.0942741;0.427273;0.255814;0.451613;6;
0.259615;0.176471;0.168675;0.182515;0.109792;0.271777;0.50116;0.187777;0.418182;0.22093;0.322581;6;
0.278846;0.127451;0.216867;0.121933;0.0326409;0.0627178;0.178654;0.0838635;0.427273;0;0.870968;7;
0.269231;0.470588;0.0903614;0.144172;0.0830861;0.125436;0.343387;0.179487;0.509091;0.348837;0.225806;5;
0.269231;0.0686275;0.204819;0.0690184;0.136499;0.111498;0.269142;0.136688;0.581818;0.232558;0.258065;5;
0.298077;0.215686;0.126506;0.231595;0.139466;0.163763;0.348028;0.215153;0.354545;0.302326;0.16129;5;
0.346154;0.117647;0.222892;0.250767;0.115727;0.142857;0.419954;0.238866;0.281818;0.232558;0.193548;6;
0.336538;0.156863;0.246988;0.199387;0.121662;0.135889;0.392111;0.225371;0.590909;0.244186;0.274194;5;
0.375;0.235294;0.373494;0.153374;0.0801187;0.188153;0.334107;0.206092;0.372727;0.255814;0.145161;6;
0.432692;0.166667;0.295181;0.248466;0.115727;0.167247;0.508121;0.250434;0.281818;0.348837;0.193548;6;
0.519231;0.186275;0.204819;0.15184;0.10089;0.163763;0.508121;0.198381;0.290909;0.22093;0.387097;6;
0.201923;0.235294;0.120482;0.211656;0.121662;0.0940767;0.313225;0.184114;0.472727;0.22093;0.370968;6;
0.288462;0.421569;0.180723;0.0552147;0.169139;0.125436;0.361949;0.142472;0.436364;0.232558;0.177419;5;
0.307692;0.127451;0.168675;0.122699;0.106825;0.121951;0.491879;0.159823;0.481818;0.372093;0.387097;6;
0.269231;0.235294;0.13253;0.246933;0.109792;0.125436;0.287703;0.20802;0.454545;0.523256;0.387097;6;
0.326923;0.421569;0.144578;0.144172;0.249258;0.114983;0.436195;0.211876;0.627273;0.290698;0.16129;5;
0.288462;0.323529;0.180723;0.125767;0.106825;0.0905923;0.283063;0.157895;0.363636;0.430233;0.306452;5;
0.307692;0.186275;0.216867;0.308282;0.106825;0.149826;0.37355;0.267785;0.254545;0.267442;0.129032;6;
0.211538;0.0784314;0.180723;0.0935583;0.10089;0.142857;0.334107;0.154039;0.827273;0.27907;0.419355;5;
0.201923;0.245098;0.192771;0.115031;0.0860534;0.0243902;0.0580046;0.0769231;0.454545;0.162791;0.758065;7;
0.307692;0.147059;0.156627;0.101227;0.0949555;0.0662021;0.187935;0.153846;0.454545;0.383721;0.241935;6;
0.317308;0.196078;0.210843;0.0444785;0.0563798;0.114983;0.190255;0.0599576;0.218182;0.127907;0.66129;5;
0.346154;0.156863;0.240964;0.0567485;0.0682493;0.0243902;0.199536;0.0942741;0.336364;0.197674;0.5;6;
0.317308;0.196078;0.168675;0.121166;0.0623145;0.0801394;0.422274;0.120879;0.4;0.27907;0.677419;7;
0.230769;0.22549;0.138554;0.041411;0.127596;0.111498;0.241299;0.138423;0.4;0.302326;0.0645161;5;
0.134615;0.127451;0.186747;0.0168712;0.115727;0.0522648;0.12065;0.0466551;0.472727;0.174419;0.645161;7;
0.288462;0.235294;0.138554;0.041411;0.0504451;0.101045;0.208817;0.0480046;0.345455;0.209302;0.709677;6;
0.317308;0.22549;0.283133;0.199387;0.139466;0.181185;0.436195;0.206092;0.345455;0.313953;0.209677;5;
0.221154;0.137255;0.168675;0.244632;0.148368;0.181185;0.292343;0.183921;0.436364;0.186047;0.403226;5;
0.298077;0.137255;0.222892;0.220859;0.130564;0.198606;0.392111;0.233083;0.590909;0.697674;0.241935;7;
0.423077;0.0686275;0.289157;0.0322086;0.127596;0.0766551;0.419954;0.152111;0.709091;0.267442;0.467742;7;
0.375;0.303922;0.168675;0.0659509;0.0771513;0.118467;0.232019;0.0904184;0.427273;0.418605;0.677419;7;
0.173077;0.602941;0.0361446;0.095092;0.0979228;0.0243902;0.174014;0.139001;0.654545;0.255814;0.354839;5;
0.269231;0.107843;0.210843;0.0138037;0.0830861;0.121951;0.227378;0.056873;0.418182;0.534884;0.645161;7;
0.259615;0.372549;0.246988;0.248466;0.222552;0.198606;0.4942;0.235011;0.418182;0.418605;0.16129;5;
0.240385;0.127451;0.174699;0.170245;0.115727;0.163763;0.320186;0.148641;0.454545;0.186047;0.451613;5;
0.317308;0.117647;0.186747;0.104294;0.130564;0.10453;0.468677;0.168884;0.536364;0.430233;0.387097;6;
0.211538;0.0882353;0.198795;0.0828221;0.0801187;0.097561;0.236659;0.125506;0.545455;0.418605;0.344086;7;
0.182692;0.0784314;0.192771;0.00920245;0.0801187;0.0174216;0.185615;0.0771159;0.490909;0.302326;0.483871;5;
0.278846;0.362745;0.180723;0.0720859;0.0801187;0.087108;0.361949;0.0792366;0.363636;0.27907;0.677419;6;
0.269231;0.323529;0.162651;0.154908;0.299703;0.0627178;0.218097;0.185271;0.327273;0.22093;0.16129;6;
0.326923;0.284314;0.240964;0.168712;0.0682493;0.111498;0.475638;0.177174;0.345455;0.337209;0.290323;6;
0.25;0.107843;0.210843;0.147239;0.10089;0.132404;0.225058;0.177559;0.4;0.325581;0.274194;6;
0.326923;0.264706;0.150602;0.0766871;0.0682493;0.0731707;0.257541;0.120108;0.190909;0.511628;0.370968;7;
0.326923;0.147059;0.192771;0.121166;0.145401;0.156794;0.410673;0.163678;0.427273;0.209302;0.306452;6;
0.288462;0.205882;0.0963855;0.0122699;0.0860534;0.419861;0.523202;0.0981299;0.390909;0.290698;0.322581;4;
0.432692;0.0980392;0.180723;0.00766871;0.0712166;0.0627178;0.111369;0.0767303;0.272727;0.337209;0.483871;6;
0.269231;0.107843;0.259036;0.157975;0.106825;0.1777;0.336427;0.200694;0.727273;0.639535;0.387097;6;
0.346154;0.107843;0.180723;0.187117;0.130564;0.162021;0.510441;0.221515;0.381818;0.313953;0.177419;7;
0.259615;0.205882;0.192771;0.0368098;0.0801187;0.125436;0.194896;0.0672836;0.4;0.430233;0.645161;6;
0.211538;0.137255;0.198795;0.177914;0.0712166;0.0801394;0.204176;0.124349;0.409091;0.232558;0.532258;7;
0.288462;0.127451;0.373494;0.0889571;0.0949555;0.0174216;0.241299;0.124735;0.218182;0.430233;0.354839;5;
0.317308;0.205882;0.168675;0.133436;0.115727;0.167247;0.306265;0.150183;0.372727;0.313953;0.370968;6;
0.163462;0.0784314;0.186747;0.00920245;0.0504451;0.101045;0.136891;0.0518604;0.554545;0.255814;0.58871;6;
0.307692;0.215686;0.307229;0.199387;0.121662;0.132404;0.36891;0.202236;0.318182;0.348837;0.258065;7;
0.403846;0.166667;0.295181;0.00920245;0.154303;0.087108;0.25058;0.128976;0.327273;0.139535;0.225806;5;
0.134615;0.215686;0.204819;0.0138037;0.0860534;0.0557491;0.201856;0.0445344;0.763636;0.302326;0.806452;8;
0.394231;0.245098;0.168675;0.47546;0.130564;0.114983;0.387471;0.447079;0.390909;0.186047;0.129032;6;
0.317308;0.254902;0.120482;0.0843558;0.160237;0.156794;0.359629;0.144399;0.409091;0.232558;0.322581;5;
0.259615;0.235294;0.0722892;0.167178;0.0712166;0.114983;0.361949;0.198381;0.454545;0.116279;0.16129;5;
0.384615;0.205882;0.216867;0.0981595;0.0979228;0.125436;0.352668;0.13476;0.490909;0.174419;0.516129;8;
0.432692;0.186275;0.23494;0.0276074;0.145401;0.0487805;0.227378;0.161751;0.509091;0.430233;0.370968;5;
0.25;0.196078;0.337349;0.0168712;0.436202;0.163763;0.225058;0.123964;0.345455;0.174419;0.193548;6;
0.25;0.156863;0.156627;0.116564;0.133531;0.156794;0.401392;0.159437;0.363636;0.325581;0.241935;5;
0.278846;0.245098;0.204819;0.105828;0.0801187;0.12892;0.266821;0.0794293;0.245455;0.116279;0.709677;8;
0.134615;0.20098;0.174699;0.0697853;0.0771513;0.216028;0.299304;0.0460767;0.427273;0.139535;0.709677;8;
0.201923;0.0980392;0.174699;0.0613497;0.0682493;0.229965;0.296984;0.0863698;0.445455;0.186047;0.532258;6;
0.269231;0.166667;0.307229;0.113497;0.11276;0.205575;0.417633;0.172161;0.454545;0.313953;0.193548;5;
0.365385;0.22549;0.138554;0.185583;0.133531;0.0627178;0.301624;0.216888;0.4;0.325581;0.274194;4;
0.230769;0.147059;0.216867;0.254601;0.0890208;0.121951;0.280742;0.238095;0.463636;0.244186;0.129032;6;
0.259615;0.127451;0.240964;0.102761;0.0949555;0.163763;0.24594;0.107384;0.445455;0.244186;0.483871;6;
0.326923;0.235294;0.180723;0.117331;0.0326409;0.0418118;0.220418;0.125506;0.245455;0.255814;0.548387;6;
0.346154;0.176471;0.259036;0.0828221;0.0385757;0.0696864;0.269142;0.109697;0.372727;0.383721;0.564516;6;
0.221154;0.156863;0.162651;0.167178;0.121662;0.170732;0.287703;0.147484;0.454545;0.174419;0.451613;6;
0.346154;0.0980392;0.162651;0.0107362;0.115727;0.0836237;0.222738;0.132832;0.727273;0.511628;0.419355;6;
0.163462;0.230392;0.228916;0.0306748;0.0712166;0.0278746;0.139211;0.0730673;0.363636;0.430233;0.451613;6;
0.326923;0.156863;0.216867;0.0214724;0.0593472;0.0662021;0.12529;0.0703682;0.372727;0.476744;0.725806;6;
0.259615;0.0686275;0.26506;0.184049;0.127596;0.219512;0.345708;0.188356;0.490909;0.55814;0.370968;7;
0.403846;0.205882;0.295181;0.170245;0.0771513;0.132404;0.283063;0.167534;0.381818;0.139535;0.451613;5;
0.336538;0.235294;0.204819;0.0920245;0.0682493;0.0766551;0.238979;0.153075;0.454545;0.27907;0.290323;6;
0.240385;0.205882;0.168675;0.0628834;0.148368;0.0905923;0.167053;0.0626566;0.472727;0.395349;0.758065;8;
0.471154;0.0686275;0.180723;0.0153374;0.109792;0.0940767;0.280742;0.136688;0.454545;0.186047;0.290323;6;
0.230769;0.137255;0.162651;0.0138037;0.163205;0.0627178;0.285383;0.128976;0.454545;0.27907;0.193548;6;
0.288462;0.156863;0.198795;0.0398773;0.118694;0.229965;0.352668;0.11818;0.345455;0.546512;0.354839;6;
0.355769;0.264706;0.168675;0.138037;0.124629;0.0836237;0.343387;0.188741;0.363636;0.360465;0.193548;6;
0.173077;0.0980392;0.174699;0.0260736;0.0919881;0.010453;0.0881671;0.0800077;0.318182;0.267442;0.33871;4;
0.182692;0.147059;0.150602;0.11273;0.0979228;0.0487805;0.229698;0.149412;0.654545;0.453488;0.370968;6;
0.326923;0.313725;0.373494;0.156442;0.0949555;0.236934;0.417633;0.202236;0.327273;0.313953;0.0967742;4;
0.269231;0.166667;0.210843;0.205521;0.178042;0.139373;0.357309;0.229227;0.763636;0.290698;0.290323;5;
0.259615;0.205882;0.180723;0.131135;0.124629;0.0801394;0.364269;0.121072;0.472727;0.395349;0.540323;6;
0.211538;0.235294;0.198795;0.142638;0.0682493;0.0696864;0.187935;0.105456;0.345455;0.244186;0.66129;7;
0.375;0.176471;0.192771;0.00920245;0.0919881;0.0836237;0.25058;0.113553;0.445455;0.395349;0.451613;5;
0.269231;0.176471;0.174699;0.0122699;0.0890208;0.0383275;0.134571;0.0846347;0.3;0.313953;0.467742;6;
0.182692;0.0980392;0.156627;0.0245399;0.041543;0.0662021;0.199536;0.0422209;0.318182;0.372093;0.693548;6;
0.288462;0.235294;0.126506;0.0245399;0.103858;0.0452962;0.136891;0.117409;0.409091;0.197674;0.225806;6;
0.25;0.0245098;0.174699;0.00766871;0.0771513;0.146341;0.303944;0.0830923;0.409091;0.383721;0.435484;7;
0.269231;0.313725;0.192771;0.0168712;0.0771513;0.12892;0.174014;0.074224;0.790909;0.302326;0.758065;7;
0.240385;0.245098;0.120482;0.265337;0.169139;0.118467;0.352668;0.231155;0.381818;0.337209;0.129032;5;
0.576923;0.333333;0.289157;0.141871;0.074184;0.010453;0.234339;0.167534;0.136364;0.0813953;0.322581;5;
0.298077;0.205882;0.138554;0.122699;0.139466;0.188153;0.477958;0.184885;0.409091;0.255814;0.129032;5;
0.384615;0.867647;0.361446;1;0.192878;0.0209059;0.350348;1;0.609091;0.546512;0.596774;6;
0.278846;0.186275;0.198795;0.0460123;0.074184;0.0243902;0.0835267;0.0834779;0.327273;0.209302;0.403226;6;
0.365385;0.45098;0.138554;0.0214724;0.0593472;0.0383275;0.329466;0.115481;0.290909;0.127907;0.387097;5;
0.298077;0.22549;0.192771;0.00920245;0.0445104;0.0627178;0.364269;0.0958165;0.3;0.372093;0.290323;6;
0.307692;0.186275;0.192771;0.095092;0.11276;0.156794;0.426914;0.128976;0.463636;0.197674;0.548387;6;
0.25;0.205882;0.343373;0.00613497;0.151335;0.0452962;0.257541;0.101986;0.309091;0.22093;0.241935;5;
0.326923;0.176471;0.240964;0.0874233;0.11276;0.174216;0.37819;0.166185;0.418182;0.360465;0.241935;6;
0.307692;0.137255;0.168675;0.153374;0.0890208;0.10453;0.25058;0.124157;0.3;0.383721;0.564516;7;
0.240385;0.156863;0.174699;0.0153374;0.127596;0.160279;0.408353;0.121265;0.445455;0.325581;0.225806;5;
0.307692;0.156863;0.180723;0.179448;0.0771513;0.243902;0.37819;0.159823;0.245455;0.406977;0.387097;6;
0.173077;0.323529;0.13253;0.0996933;0.121662;0.146341;0.336427;0.115481;0.527273;0.209302;0.403226;5;
0.278846;0.176471;0.295181;0.118098;0.11276;0.181185;0.422274;0.159823;0.463636;0.209302;0.370968;6;
0.269231;0.235294;0.156627;0.108896;0.133531;0.188153;0.464037;0.173318;0.409091;0.267442;0.129032;5;
0.298077;0.254902;0.445783;0.162577;0.178042;0.146341;0.327146;0.186813;0.254545;0.686047;0.193548;5;
0.288462;0.22549;0.0542169;0.0122699;0.0919881;0.188153;0.315545;0.0981299;0.427273;0.27907;0.322581;5;
0.259615;0.176471;0.192771;0.0927914;0.148368;0.111498;0.220418;0.104685;0.418182;0.232558;0.5;5;
0.25;0.127451;0.180723;0.0766871;0.103858;0.142857;0.350348;0.150183;0.8;0.22093;0.419355;6;
0.240385;0.254902;0.174699;0.0858896;0.109792;0.0940767;0.5058;0.155967;0.518182;0.360465;0.33871;6;
0.432692;0.186275;0.204819;0.147239;0.115727;0.167247;0.2529;0.193754;0.418182;0.337209;0.370968;5;
0.259615;0.156863;0.144578;0.0153374;0.109792;0.0452962;0.118329;0.109697;0.427273;0.197674;0.290323;5;
0.230769;0.294118;0.253012;0.0291411;0.0860534;0.111498;0.25058;0.0811644;0.581818;0.430233;0.580645;7;
0.288462;0.147059;0.174699;0.226994;0.189911;0.188153;0.38051;0.21766;0.309091;0.22093;0.112903;6;
0.317308;0.107843;0.168675;0.0460123;0.0712166;0.0487805;0.160093;0.113553;0.172727;0.651163;0.548387;6;
0.432692;0.27451;0.343373;0.220859;0.127596;0.114983;0.573086;0.250434;0.190909;0.488372;0.0967742;5;
0.230769;0.117647;0.186747;0.00613497;0.0652819;0.0696864;0.148492;0.0624639;0.472727;0.348837;0.532258;6;
0.317308;0.137255;0.198795;0.0337423;0.0712166;0.160279;0.334107;0.0537883;0.390909;0.186047;0.758065;7;
0.201923;0.0686275;0.186747;0.0797546;0.0949555;0.1777;0.338747;0.142472;0.727273;0.27907;0.403226;6;
0.461538;0.254902;0.216867;0.0122699;0.106825;0.0313589;0.25522;0.162907;0.409091;0.290698;0.225806;4;
0.269231;0.156863;0.228916;0.113497;0.0979228;0.188153;0.412993;0.166956;0.445455;0.27907;0.193548;5;
0.182692;0.137255;0.13253;0.246166;0.103858;0.12892;0.234339;0.220551;0.472727;0.302326;0.16129;6;
0.375;0.186275;0.204819;0.0184049;0.0563798;0.0836237;0.36891;0.0769231;0.245455;0.302326;0.66129;7;
0.336538;0.166667;0.174699;0.105828;0.118694;0.125436;0.345708;0.181029;0.645455;0.186047;0.258065;5;
0.288462;0.166667;0.144578;0.0153374;0.106825;0.12892;0.359629;0.133218;0.736364;0.418605;0.451613;5;
0.326923;0.186275;0.162651;0.0276074;0.115727;0.097561;0.324826;0.12512;0.345455;0.337209;0.193548;6;
0.317308;0.0980392;0.216867;0.0122699;0.10089;0.101045;0.180974;0.0518604;0.490909;0.174419;0.758065;7;
0.173077;0.176471;0.301205;0.165644;0.0593472;0.0801394;0.194896;0.13823;0.463636;0.313953;0.403226;6;
0.326923;0.0343137;0.180723;0.095092;0.139466;0.0836237;0.222738;0.159823;0.654545;0.209302;0.258065;6;
0.346154;0.264706;0.144578;0.0828221;0.0979228;0.0905923;0.264501;0.114324;0.381818;0.255814;0.532258;5;
0.423077;0.156863;0.295181;0.133436;0.0860534;0.174216;0.357309;0.155967;0.272727;0.127907;0.419355;6;
0.317308;0.382353;0.174699;0.217791;0.0445104;0.0696864;0.308585;0.155581;0.363636;0.302326;0.645161;8;
0.115385;0.117647;0.240964;0.0199387;0.0178042;0.0627178;0.206497;0.0499325;0.590909;0.383721;0.653226;6;
0.230769;0.196078;0.246988;0.0674847;0.10089;0.167247;0.415313;0.117023;0.463636;0.488372;0.451613;6;
0.346154;0.0735294;0.204819;0.0260736;0.106825;0.249129;0.475638;0.121265;0.418182;0.453488;0.306452;7;
0.307692;0.0392157;0.174699;0.148773;0.0890208;0.135889;0.206497;0.16445;0.427273;0.186047;0.290323;8;
0.240385;0.284314;0.168675;0.0874233;0.074184;0.149826;0.331787;0.096202;0.518182;0.27907;0.580645;7;
0.201923;0.0392157;0.162651;0.0644172;0.0623145;0.132404;0.234339;0.0992867;0.754545;0.534884;0.66129;6;
